
-- Popolamento della tabella Tema
INSERT INTO Tema (codice, descrizione) VALUES (1, 'Cubismo');
INSERT INTO Tema (codice, descrizione) VALUES (2, 'Impressionismo');
INSERT INTO Tema (codice, descrizione) VALUES (3, 'Espressionismo');
INSERT INTO Tema (codice, descrizione) VALUES (4, 'Surrealismo');
INSERT INTO Tema (codice, descrizione) VALUES (5, 'Realismo');
INSERT INTO Tema (codice, descrizione) VALUES (6, 'Minimalismo');
INSERT INTO Tema (codice, descrizione) VALUES (7, 'Pop Art');
INSERT INTO Tema (codice, descrizione) VALUES (8, 'Barocco');
INSERT INTO Tema (codice, descrizione) VALUES (9, 'Brutalismo');
INSERT INTO Tema (codice, descrizione) VALUES (10, 'Futurismo');

-- Popolamento della tabella Sala
INSERT INTO Sala (numero, nome, superficie, temaSala) VALUES (1, 'Sala 1', 131, 7);
INSERT INTO Sala (numero, nome, superficie, temaSala) VALUES (2, 'Sala 2', 173, 7);
INSERT INTO Sala (numero, nome, superficie, temaSala) VALUES (3, 'Sala 3', 84, 10);
INSERT INTO Sala (numero, nome, superficie, temaSala) VALUES (4, 'Sala 4', 124, 2);
INSERT INTO Sala (numero, nome, superficie, temaSala) VALUES (5, 'Sala 5', 158, 9);
INSERT INTO Sala (numero, nome, superficie, temaSala) VALUES (6, 'Sala 6', 297, 8);
INSERT INTO Sala (numero, nome, superficie, temaSala) VALUES (7, 'Sala 7', 258, 9);
INSERT INTO Sala (numero, nome, superficie, temaSala) VALUES (8, 'Sala 8', 82, 2);
INSERT INTO Sala (numero, nome, superficie, temaSala) VALUES (9, 'Sala 9', 189, 9);
INSERT INTO Sala (numero, nome, superficie, temaSala) VALUES (10, 'Sala 10', 228, 1);
INSERT INTO Sala (numero, nome, superficie, temaSala) VALUES (11, 'Sala 11', 176, 2);
INSERT INTO Sala (numero, nome, superficie, temaSala) VALUES (12, 'Sala 12', 227, 4);
INSERT INTO Sala (numero, nome, superficie, temaSala) VALUES (13, 'Sala 13', 117, 3);
INSERT INTO Sala (numero, nome, superficie, temaSala) VALUES (14, 'Sala 14', 273, 4);
INSERT INTO Sala (numero, nome, superficie, temaSala) VALUES (15, 'Sala 15', 236, 4);
INSERT INTO Sala (numero, nome, superficie, temaSala) VALUES (16, 'Sala 16', 152, 1);
INSERT INTO Sala (numero, nome, superficie, temaSala) VALUES (17, 'Sala 17', 298, 3);
INSERT INTO Sala (numero, nome, superficie, temaSala) VALUES (18, 'Sala 18', 262, 9);
INSERT INTO Sala (numero, nome, superficie, temaSala) VALUES (19, 'Sala 19', 87, 7);
INSERT INTO Sala (numero, nome, superficie, temaSala) VALUES (20, 'Sala 20', 195, 4);

-- Popolamento della tabella Autore
INSERT INTO Autore (codice, nome, cognome, nazione, dataNascita, tipo, dataMorte) VALUES (1, 'Melissa', 'Jones', 'Scozia', '1976-08-04', 'vivo', NULL);
INSERT INTO Autore (codice, nome, cognome, nazione, dataNascita, tipo, dataMorte) VALUES (2, 'Zara', 'Jani', 'India', '1957-05-13', 'morto', '1963-10-13');
INSERT INTO Autore (codice, nome, cognome, nazione, dataNascita, tipo, dataMorte) VALUES (3, '修平', '阿部', 'Giappone', '1968-07-08', 'morto', '1997-05-05');
INSERT INTO Autore (codice, nome, cognome, nazione, dataNascita, tipo, dataMorte) VALUES (4, 'Alícia', 'Rezende', 'Brasile', '1994-01-08', 'morto', '1995-11-12');
INSERT INTO Autore (codice, nome, cognome, nazione, dataNascita, tipo, dataMorte) VALUES (5, 'Emily', 'Joyce', 'Stati Uniti', '1951-02-08', 'morto', '1959-05-10');
INSERT INTO Autore (codice, nome, cognome, nazione, dataNascita, tipo, dataMorte) VALUES (6, 'Richard', 'Morgan', 'Stati Uniti', '1951-11-04', 'vivo', NULL);
INSERT INTO Autore (codice, nome, cognome, nazione, dataNascita, tipo, dataMorte) VALUES (7, 'Florin', 'Frey', 'Svizzera', '1957-05-08', 'morto', '2018-05-28');
INSERT INTO Autore (codice, nome, cognome, nazione, dataNascita, tipo, dataMorte) VALUES (8, 'Hiran', 'Kakar', 'India', '1956-11-22', 'morto', '1994-10-20');
INSERT INTO Autore (codice, nome, cognome, nazione, dataNascita, tipo, dataMorte) VALUES (9, 'Anahi', 'Dash', 'India', '1949-07-15', 'morto', '2009-11-05');
INSERT INTO Autore (codice, nome, cognome, nazione, dataNascita, tipo, dataMorte) VALUES (10, 'Lindsey', 'Chase', 'Australia', '1951-01-26', 'vivo', NULL);
INSERT INTO Autore (codice, nome, cognome, nazione, dataNascita, tipo, dataMorte) VALUES (11, 'Brent', 'Kidd', 'Stati Uniti', '1945-05-30', 'morto', '1958-02-07');
INSERT INTO Autore (codice, nome, cognome, nazione, dataNascita, tipo, dataMorte) VALUES (12, 'Frank', 'Thompson', 'Scozia', '1977-06-15', 'vivo', NULL);
INSERT INTO Autore (codice, nome, cognome, nazione, dataNascita, tipo, dataMorte) VALUES (13, 'Wolfgang', 'Hamann', 'Germania', '1971-09-12', 'vivo', NULL);
INSERT INTO Autore (codice, nome, cognome, nazione, dataNascita, tipo, dataMorte) VALUES (14, 'Darren', 'OBrien', 'Regno Unito', '1944-07-21', 'morto', '1997-09-08');
INSERT INTO Autore (codice, nome, cognome, nazione, dataNascita, tipo, dataMorte) VALUES (15, '영환', '안', 'Corea del Sud', '1975-05-16', 'vivo', NULL);
INSERT INTO Autore (codice, nome, cognome, nazione, dataNascita, tipo, dataMorte) VALUES (16, 'Murilo', 'Pereira', 'Brasile', '1991-10-23', 'morto', '2024-05-19');
INSERT INTO Autore (codice, nome, cognome, nazione, dataNascita, tipo, dataMorte) VALUES (17, '예진', '안', 'Corea del Sud', '1989-06-12', 'morto', '2022-07-25');
INSERT INTO Autore (codice, nome, cognome, nazione, dataNascita, tipo, dataMorte) VALUES (18, 'Jonas', 'Eide', 'Norvegia', '1964-08-06', 'morto', '1979-05-30');
INSERT INTO Autore (codice, nome, cognome, nazione, dataNascita, tipo, dataMorte) VALUES (19, 'Déborah', 'Beck', 'Svizzera', '1983-10-27', 'vivo', NULL);
INSERT INTO Autore (codice, nome, cognome, nazione, dataNascita, tipo, dataMorte) VALUES (20, 'Jeannine', 'Ring', 'Germania', '1948-07-22', 'morto', '1991-03-28');
INSERT INTO Autore (codice, nome, cognome, nazione, dataNascita, tipo, dataMorte) VALUES (21, 'Brian', 'Silva', 'Canada', '1978-08-17', 'vivo', NULL);
INSERT INTO Autore (codice, nome, cognome, nazione, dataNascita, tipo, dataMorte) VALUES (22, '晨', '王', 'Cina', '1978-12-19', 'morto', '1984-06-01');
INSERT INTO Autore (codice, nome, cognome, nazione, dataNascita, tipo, dataMorte) VALUES (23, 'Christian', 'Rees', 'Regno Unito', '1949-01-12', 'morto', '1981-01-16');
INSERT INTO Autore (codice, nome, cognome, nazione, dataNascita, tipo, dataMorte) VALUES (24, 'Patrizio', 'Casarin', 'Italia', '1983-03-05', 'morto', '1999-12-05');
INSERT INTO Autore (codice, nome, cognome, nazione, dataNascita, tipo, dataMorte) VALUES (25, 'Kirsten', 'Næss', 'Norvegia', '1947-02-10', 'vivo', NULL);
INSERT INTO Autore (codice, nome, cognome, nazione, dataNascita, tipo, dataMorte) VALUES (26, 'Liv', 'Arnesen', 'Norvegia', '1972-12-07', 'vivo', NULL);
INSERT INTO Autore (codice, nome, cognome, nazione, dataNascita, tipo, dataMorte) VALUES (27, '玉梅', '成', 'Cina', '1958-04-22', 'vivo', NULL);
INSERT INTO Autore (codice, nome, cognome, nazione, dataNascita, tipo, dataMorte) VALUES (28, 'Elizabeth', 'Edwards', 'Stati Uniti', '1962-06-25', 'morto', '1989-05-31');
INSERT INTO Autore (codice, nome, cognome, nazione, dataNascita, tipo, dataMorte) VALUES (29, 'Wayne', 'Davies', 'Regno Unito', '1964-10-27', 'vivo', NULL);
INSERT INTO Autore (codice, nome, cognome, nazione, dataNascita, tipo, dataMorte) VALUES (30, '현준', '남', 'Corea del Sud', '1949-05-06', 'morto', '1950-08-12');
INSERT INTO Autore (codice, nome, cognome, nazione, dataNascita, tipo, dataMorte) VALUES (31, 'Sören', 'Östlund', 'Svezia', '1951-03-19', 'vivo', NULL);
INSERT INTO Autore (codice, nome, cognome, nazione, dataNascita, tipo, dataMorte) VALUES (32, 'Claus-Dieter', 'Reuter', 'Germania', '1958-11-29', 'morto', '1993-05-02');
INSERT INTO Autore (codice, nome, cognome, nazione, dataNascita, tipo, dataMorte) VALUES (33, '燕', '李', 'Cina', '1968-02-27', 'vivo', NULL);
INSERT INTO Autore (codice, nome, cognome, nazione, dataNascita, tipo, dataMorte) VALUES (34, 'Daniel', 'Moulin', 'Francia', '1969-07-21', 'vivo', NULL);
INSERT INTO Autore (codice, nome, cognome, nazione, dataNascita, tipo, dataMorte) VALUES (35, 'Raunak', 'Brar', 'India', '1974-03-24', 'vivo', NULL);
INSERT INTO Autore (codice, nome, cognome, nazione, dataNascita, tipo, dataMorte) VALUES (36, 'Paige', 'Campbell', 'Scozia', '1986-01-12', 'morto', '2022-01-09');
INSERT INTO Autore (codice, nome, cognome, nazione, dataNascita, tipo, dataMorte) VALUES (37, 'John', 'King', 'Scozia', '1982-02-23', 'vivo', NULL);
INSERT INTO Autore (codice, nome, cognome, nazione, dataNascita, tipo, dataMorte) VALUES (38, 'Kevin', 'Alvarado', 'Stati Uniti', '1953-07-18', 'morto', '1989-07-15');
INSERT INTO Autore (codice, nome, cognome, nazione, dataNascita, tipo, dataMorte) VALUES (39, 'Liam', 'Brunner', 'Svizzera', '1994-12-05', 'vivo', NULL);
INSERT INTO Autore (codice, nome, cognome, nazione, dataNascita, tipo, dataMorte) VALUES (40, 'Chloë', 'Ketting', 'Paesi Bassi', '1962-12-10', 'morto', '1982-02-11');
INSERT INTO Autore (codice, nome, cognome, nazione, dataNascita, tipo, dataMorte) VALUES (41, '直子', '田中', 'Giappone', '1967-09-28', 'vivo', NULL);
INSERT INTO Autore (codice, nome, cognome, nazione, dataNascita, tipo, dataMorte) VALUES (42, '文', '蒋', 'Cina', '1962-05-16', 'morto', '1996-10-06');
INSERT INTO Autore (codice, nome, cognome, nazione, dataNascita, tipo, dataMorte) VALUES (43, 'Tracy', 'Whitehead', 'Australia', '1947-11-12', 'morto', '1960-06-04');
INSERT INTO Autore (codice, nome, cognome, nazione, dataNascita, tipo, dataMorte) VALUES (44, 'Maria', 'Karlsen', 'Norvegia', '1963-03-27', 'morto', '1966-03-26');
INSERT INTO Autore (codice, nome, cognome, nazione, dataNascita, tipo, dataMorte) VALUES (45, 'Adalbert', 'Kade', 'Germania', '1953-04-23', 'vivo', NULL);
INSERT INTO Autore (codice, nome, cognome, nazione, dataNascita, tipo, dataMorte) VALUES (46, 'Febe', 'Juárez', 'Spagna', '1955-05-28', 'vivo', NULL);
INSERT INTO Autore (codice, nome, cognome, nazione, dataNascita, tipo, dataMorte) VALUES (47, 'Joyce', 'Arnold', 'Canada', '1973-07-06', 'vivo', NULL);
INSERT INTO Autore (codice, nome, cognome, nazione, dataNascita, tipo, dataMorte) VALUES (48, 'Jhanvi', 'Agrawal', 'India', '1952-01-08', 'vivo', NULL);
INSERT INTO Autore (codice, nome, cognome, nazione, dataNascita, tipo, dataMorte) VALUES (49, 'Dhanuk', 'Wagle', 'India', '1991-06-07', 'vivo', NULL);
INSERT INTO Autore (codice, nome, cognome, nazione, dataNascita, tipo, dataMorte) VALUES (50, 'Enzio', 'Verga', 'Italia', '1946-11-10', 'vivo', NULL);
INSERT INTO Autore (codice, nome, cognome, nazione, dataNascita, tipo, dataMorte) VALUES (51, 'Victoire', 'Lemaître', 'Francia', '1984-01-18', 'vivo', NULL);
INSERT INTO Autore (codice, nome, cognome, nazione, dataNascita, tipo, dataMorte) VALUES (52, 'Lynn', 'Kennedy', 'Scozia', '1953-01-29', 'vivo', NULL);
INSERT INTO Autore (codice, nome, cognome, nazione, dataNascita, tipo, dataMorte) VALUES (53, 'Bobby', 'Diaz', 'Canada', '1947-02-14', 'vivo', NULL);
INSERT INTO Autore (codice, nome, cognome, nazione, dataNascita, tipo, dataMorte) VALUES (54, 'Tom', 'Ellingsen', 'Norvegia', '1990-10-27', 'vivo', NULL);
INSERT INTO Autore (codice, nome, cognome, nazione, dataNascita, tipo, dataMorte) VALUES (55, 'Lorenzo', 'Greij', 'Paesi Bassi', '1968-06-22', 'morto', '2021-07-23');
INSERT INTO Autore (codice, nome, cognome, nazione, dataNascita, tipo, dataMorte) VALUES (56, 'さゆり', '斉藤', 'Giappone', '1972-01-23', 'vivo', NULL);
INSERT INTO Autore (codice, nome, cognome, nazione, dataNascita, tipo, dataMorte) VALUES (57, 'Miraya', 'Shere', 'India', '1954-12-04', 'morto', '1987-02-22');
INSERT INTO Autore (codice, nome, cognome, nazione, dataNascita, tipo, dataMorte) VALUES (58, 'Rosaura', 'Cámara', 'Spagna', '1956-06-15', 'morto', '2012-07-26');
INSERT INTO Autore (codice, nome, cognome, nazione, dataNascita, tipo, dataMorte) VALUES (59, 'Alberto', 'Duarte', 'Messico', '1994-07-13', 'vivo', NULL);
INSERT INTO Autore (codice, nome, cognome, nazione, dataNascita, tipo, dataMorte) VALUES (60, 'Steffi', 'Kade', 'Germania', '1972-06-04', 'vivo', NULL);
INSERT INTO Autore (codice, nome, cognome, nazione, dataNascita, tipo, dataMorte) VALUES (61, 'Yolanda', 'Guzmán', 'Messico', '1962-07-25', 'morto', '1973-05-24');
INSERT INTO Autore (codice, nome, cognome, nazione, dataNascita, tipo, dataMorte) VALUES (62, 'Bianca', 'Olivas', 'Messico', '1947-01-16', 'morto', '2011-02-07');
INSERT INTO Autore (codice, nome, cognome, nazione, dataNascita, tipo, dataMorte) VALUES (63, 'Lourenço', 'Costa', 'Portogallo', '1975-09-24', 'vivo', NULL);
INSERT INTO Autore (codice, nome, cognome, nazione, dataNascita, tipo, dataMorte) VALUES (64, 'Niels', 'Jäkel', 'Germania', '1959-11-23', 'vivo', NULL);
INSERT INTO Autore (codice, nome, cognome, nazione, dataNascita, tipo, dataMorte) VALUES (65, 'Levi', 'Araújo', 'Brasile', '1989-04-28', 'morto', '2002-06-19');
INSERT INTO Autore (codice, nome, cognome, nazione, dataNascita, tipo, dataMorte) VALUES (66, 'Rochus', 'Jüttner', 'Germania', '1963-05-14', 'vivo', NULL);
INSERT INTO Autore (codice, nome, cognome, nazione, dataNascita, tipo, dataMorte) VALUES (67, '京助', '藤原', 'Giappone', '1963-05-27', 'vivo', NULL);
INSERT INTO Autore (codice, nome, cognome, nazione, dataNascita, tipo, dataMorte) VALUES (68, 'Ernesto', 'Spörri', 'Svizzera', '1979-01-27', 'morto', '2006-04-09');
INSERT INTO Autore (codice, nome, cognome, nazione, dataNascita, tipo, dataMorte) VALUES (69, 'Erin', 'Anthony', 'Stati Uniti', '1966-12-10', 'morto', '1968-10-26');
INSERT INTO Autore (codice, nome, cognome, nazione, dataNascita, tipo, dataMorte) VALUES (70, 'Connor', 'Shaw', 'Regno Unito', '1962-03-08', 'morto', '1974-05-02');
INSERT INTO Autore (codice, nome, cognome, nazione, dataNascita, tipo, dataMorte) VALUES (71, 'Jéssica', 'Figueiredo', 'Portogallo', '1947-01-04', 'vivo', NULL);
INSERT INTO Autore (codice, nome, cognome, nazione, dataNascita, tipo, dataMorte) VALUES (72, 'Raymond', 'Anderson', 'Scozia', '1967-12-07', 'morto', '2017-07-05');
INSERT INTO Autore (codice, nome, cognome, nazione, dataNascita, tipo, dataMorte) VALUES (73, 'Tiffany', 'Huber', 'Svizzera', '1974-02-07', 'vivo', NULL);
INSERT INTO Autore (codice, nome, cognome, nazione, dataNascita, tipo, dataMorte) VALUES (74, 'Julie', 'Gros', 'Francia', '1952-04-11', 'vivo', NULL);
INSERT INTO Autore (codice, nome, cognome, nazione, dataNascita, tipo, dataMorte) VALUES (75, 'Emma', 'Sutton', 'Scozia', '1957-05-05', 'vivo', NULL);
INSERT INTO Autore (codice, nome, cognome, nazione, dataNascita, tipo, dataMorte) VALUES (76, 'Conor', 'Thomas', 'Regno Unito', '1974-01-30', 'morto', '1974-03-13');
INSERT INTO Autore (codice, nome, cognome, nazione, dataNascita, tipo, dataMorte) VALUES (77, 'Ann-Christin', 'Olsson', 'Svezia', '1991-02-23', 'morto', '2004-07-21');
INSERT INTO Autore (codice, nome, cognome, nazione, dataNascita, tipo, dataMorte) VALUES (78, '裕太', '吉田', 'Giappone', '1989-08-10', 'morto', '2012-01-29');
INSERT INTO Autore (codice, nome, cognome, nazione, dataNascita, tipo, dataMorte) VALUES (79, 'Laurence', 'Bouvier', 'Francia', '1989-07-20', 'vivo', NULL);
INSERT INTO Autore (codice, nome, cognome, nazione, dataNascita, tipo, dataMorte) VALUES (80, 'Felipe', 'Jesus', 'Brasile', '1978-12-01', 'vivo', NULL);

-- Popolamento della tabella Opera
INSERT INTO Opera (codice, autore, titolo, annoAcquisto, annoRealizzazione, tipo, espostaInSala) VALUES (1, 47, 'Opera 1', 2011, 1988, 'Quadro', 14);
INSERT INTO Opera (codice, autore, titolo, annoAcquisto, annoRealizzazione, tipo, espostaInSala) VALUES (2, 45, 'Opera 2', 1910, 1842, 'Scultura', NULL);
INSERT INTO Opera (codice, autore, titolo, annoAcquisto, annoRealizzazione, tipo, espostaInSala) VALUES (3, 73, 'Opera 3', 1853, 1734, 'Scultura', 17);
INSERT INTO Opera (codice, autore, titolo, annoAcquisto, annoRealizzazione, tipo, espostaInSala) VALUES (4, 31, 'Opera 4', 2011, 1975, 'Scultura', 19);
INSERT INTO Opera (codice, autore, titolo, annoAcquisto, annoRealizzazione, tipo, espostaInSala) VALUES (5, 50, 'Opera 5', 1931, 1839, 'Quadro', 4);
INSERT INTO Opera (codice, autore, titolo, annoAcquisto, annoRealizzazione, tipo, espostaInSala) VALUES (6, 37, 'Opera 6', 1829, 1786, 'Scultura', NULL);
INSERT INTO Opera (codice, autore, titolo, annoAcquisto, annoRealizzazione, tipo, espostaInSala) VALUES (7, 55, 'Opera 7', 1997, 1915, 'Quadro', 2);
INSERT INTO Opera (codice, autore, titolo, annoAcquisto, annoRealizzazione, tipo, espostaInSala) VALUES (8, 26, 'Opera 8', 1948, 1930, 'Scultura', 15);
INSERT INTO Opera (codice, autore, titolo, annoAcquisto, annoRealizzazione, tipo, espostaInSala) VALUES (9, 70, 'Opera 9', 1996, 1958, 'Scultura', NULL);
INSERT INTO Opera (codice, autore, titolo, annoAcquisto, annoRealizzazione, tipo, espostaInSala) VALUES (10, 16, 'Opera 10', 1936, 1852, 'Scultura', 20);
INSERT INTO Opera (codice, autore, titolo, annoAcquisto, annoRealizzazione, tipo, espostaInSala) VALUES (11, 74, 'Opera 11', 1818, 1726, 'Quadro', 3);
INSERT INTO Opera (codice, autore, titolo, annoAcquisto, annoRealizzazione, tipo, espostaInSala) VALUES (12, 25, 'Opera 12', 2022, 2021, 'Quadro', 15);
INSERT INTO Opera (codice, autore, titolo, annoAcquisto, annoRealizzazione, tipo, espostaInSala) VALUES (13, 16, 'Opera 13', 1868, 1793, 'Scultura', 3);
INSERT INTO Opera (codice, autore, titolo, annoAcquisto, annoRealizzazione, tipo, espostaInSala) VALUES (14, 39, 'Opera 14', 1868, 1706, 'Scultura', NULL);
INSERT INTO Opera (codice, autore, titolo, annoAcquisto, annoRealizzazione, tipo, espostaInSala) VALUES (15, 9, 'Opera 15', 1846, 1766, 'Quadro', 15);
INSERT INTO Opera (codice, autore, titolo, annoAcquisto, annoRealizzazione, tipo, espostaInSala) VALUES (16, 4, 'Opera 16', 1796, 1780, 'Scultura', 10);
INSERT INTO Opera (codice, autore, titolo, annoAcquisto, annoRealizzazione, tipo, espostaInSala) VALUES (17, 80, 'Opera 17', 2002, 1914, 'Quadro', 10);
INSERT INTO Opera (codice, autore, titolo, annoAcquisto, annoRealizzazione, tipo, espostaInSala) VALUES (18, 5, 'Opera 18', 1740, 1729, 'Scultura', 7);
INSERT INTO Opera (codice, autore, titolo, annoAcquisto, annoRealizzazione, tipo, espostaInSala) VALUES (19, 1, 'Opera 19', 1809, 1754, 'Scultura', 8);
INSERT INTO Opera (codice, autore, titolo, annoAcquisto, annoRealizzazione, tipo, espostaInSala) VALUES (20, 53, 'Opera 20', 1926, 1762, 'Quadro', 10);
INSERT INTO Opera (codice, autore, titolo, annoAcquisto, annoRealizzazione, tipo, espostaInSala) VALUES (21, 9, 'Opera 21', 1928, 1904, 'Quadro', 10);
INSERT INTO Opera (codice, autore, titolo, annoAcquisto, annoRealizzazione, tipo, espostaInSala) VALUES (22, 78, 'Opera 22', 1920, 1757, 'Scultura', 4);
INSERT INTO Opera (codice, autore, titolo, annoAcquisto, annoRealizzazione, tipo, espostaInSala) VALUES (23, 64, 'Opera 23', 1848, 1775, 'Quadro', 5);
INSERT INTO Opera (codice, autore, titolo, annoAcquisto, annoRealizzazione, tipo, espostaInSala) VALUES (24, 16, 'Opera 24', 1968, 1738, 'Scultura', 12);
INSERT INTO Opera (codice, autore, titolo, annoAcquisto, annoRealizzazione, tipo, espostaInSala) VALUES (25, 31, 'Opera 25', 1946, 1905, 'Scultura', 10);
INSERT INTO Opera (codice, autore, titolo, annoAcquisto, annoRealizzazione, tipo, espostaInSala) VALUES (26, 47, 'Opera 26', 2012, 1925, 'Quadro', 3);
INSERT INTO Opera (codice, autore, titolo, annoAcquisto, annoRealizzazione, tipo, espostaInSala) VALUES (27, 44, 'Opera 27', 1902, 1756, 'Scultura', 4);
INSERT INTO Opera (codice, autore, titolo, annoAcquisto, annoRealizzazione, tipo, espostaInSala) VALUES (28, 19, 'Opera 28', 1868, 1808, 'Quadro', 5);
INSERT INTO Opera (codice, autore, titolo, annoAcquisto, annoRealizzazione, tipo, espostaInSala) VALUES (29, 58, 'Opera 29', 1869, 1861, 'Quadro', 3);
INSERT INTO Opera (codice, autore, titolo, annoAcquisto, annoRealizzazione, tipo, espostaInSala) VALUES (30, 33, 'Opera 30', 1988, 1987, 'Quadro', NULL);
INSERT INTO Opera (codice, autore, titolo, annoAcquisto, annoRealizzazione, tipo, espostaInSala) VALUES (31, 60, 'Opera 31', 2016, 1957, 'Scultura', 3);
INSERT INTO Opera (codice, autore, titolo, annoAcquisto, annoRealizzazione, tipo, espostaInSala) VALUES (32, 55, 'Opera 32', 1943, 1800, 'Quadro', 16);
INSERT INTO Opera (codice, autore, titolo, annoAcquisto, annoRealizzazione, tipo, espostaInSala) VALUES (33, 41, 'Opera 33', 1950, 1760, 'Scultura', 12);
INSERT INTO Opera (codice, autore, titolo, annoAcquisto, annoRealizzazione, tipo, espostaInSala) VALUES (34, 34, 'Opera 34', 1856, 1783, 'Quadro', 1);
INSERT INTO Opera (codice, autore, titolo, annoAcquisto, annoRealizzazione, tipo, espostaInSala) VALUES (35, 78, 'Opera 35', 1839, 1731, 'Quadro', 13);
INSERT INTO Opera (codice, autore, titolo, annoAcquisto, annoRealizzazione, tipo, espostaInSala) VALUES (36, 80, 'Opera 36', 2016, 1938, 'Scultura', 13);
INSERT INTO Opera (codice, autore, titolo, annoAcquisto, annoRealizzazione, tipo, espostaInSala) VALUES (37, 4, 'Opera 37', 1967, 1835, 'Scultura', 2);
INSERT INTO Opera (codice, autore, titolo, annoAcquisto, annoRealizzazione, tipo, espostaInSala) VALUES (38, 3, 'Opera 38', 1989, 1889, 'Scultura', 6);
INSERT INTO Opera (codice, autore, titolo, annoAcquisto, annoRealizzazione, tipo, espostaInSala) VALUES (39, 8, 'Opera 39', 2002, 1864, 'Scultura', NULL);
INSERT INTO Opera (codice, autore, titolo, annoAcquisto, annoRealizzazione, tipo, espostaInSala) VALUES (40, 59, 'Opera 40', 2007, 1995, 'Quadro', 5);
INSERT INTO Opera (codice, autore, titolo, annoAcquisto, annoRealizzazione, tipo, espostaInSala) VALUES (41, 73, 'Opera 41', 1958, 1806, 'Scultura', 6);
INSERT INTO Opera (codice, autore, titolo, annoAcquisto, annoRealizzazione, tipo, espostaInSala) VALUES (42, 50, 'Opera 42', 2019, 1824, 'Quadro', 14);
INSERT INTO Opera (codice, autore, titolo, annoAcquisto, annoRealizzazione, tipo, espostaInSala) VALUES (43, 16, 'Opera 43', 1940, 1804, 'Quadro', 20);
INSERT INTO Opera (codice, autore, titolo, annoAcquisto, annoRealizzazione, tipo, espostaInSala) VALUES (44, 34, 'Opera 44', 2024, 1960, 'Scultura', 15);
INSERT INTO Opera (codice, autore, titolo, annoAcquisto, annoRealizzazione, tipo, espostaInSala) VALUES (45, 17, 'Opera 45', 1954, 1759, 'Scultura', 15);
INSERT INTO Opera (codice, autore, titolo, annoAcquisto, annoRealizzazione, tipo, espostaInSala) VALUES (46, 3, 'Opera 46', 1989, 1979, 'Scultura', 4);
INSERT INTO Opera (codice, autore, titolo, annoAcquisto, annoRealizzazione, tipo, espostaInSala) VALUES (47, 72, 'Opera 47', 1906, 1879, 'Quadro', 4);
INSERT INTO Opera (codice, autore, titolo, annoAcquisto, annoRealizzazione, tipo, espostaInSala) VALUES (48, 50, 'Opera 48', 2019, 1878, 'Scultura', 12);
INSERT INTO Opera (codice, autore, titolo, annoAcquisto, annoRealizzazione, tipo, espostaInSala) VALUES (49, 1, 'Opera 49', 1898, 1805, 'Scultura', 10);
INSERT INTO Opera (codice, autore, titolo, annoAcquisto, annoRealizzazione, tipo, espostaInSala) VALUES (50, 12, 'Opera 50', 1840, 1786, 'Quadro', 8);
INSERT INTO Opera (codice, autore, titolo, annoAcquisto, annoRealizzazione, tipo, espostaInSala) VALUES (51, 70, 'Opera 51', 1862, 1728, 'Scultura', 4);
INSERT INTO Opera (codice, autore, titolo, annoAcquisto, annoRealizzazione, tipo, espostaInSala) VALUES (52, 74, 'Opera 52', 1951, 1792, 'Quadro', NULL);
INSERT INTO Opera (codice, autore, titolo, annoAcquisto, annoRealizzazione, tipo, espostaInSala) VALUES (53, 14, 'Opera 53', 1946, 1864, 'Quadro', 3);
INSERT INTO Opera (codice, autore, titolo, annoAcquisto, annoRealizzazione, tipo, espostaInSala) VALUES (54, 30, 'Opera 54', 1834, 1802, 'Quadro', NULL);
INSERT INTO Opera (codice, autore, titolo, annoAcquisto, annoRealizzazione, tipo, espostaInSala) VALUES (55, 15, 'Opera 55', 2021, 1956, 'Scultura', 10);
INSERT INTO Opera (codice, autore, titolo, annoAcquisto, annoRealizzazione, tipo, espostaInSala) VALUES (56, 3, 'Opera 56', 1946, 1863, 'Quadro', 16);
INSERT INTO Opera (codice, autore, titolo, annoAcquisto, annoRealizzazione, tipo, espostaInSala) VALUES (57, 52, 'Opera 57', 1932, 1894, 'Quadro', 16);
INSERT INTO Opera (codice, autore, titolo, annoAcquisto, annoRealizzazione, tipo, espostaInSala) VALUES (58, 63, 'Opera 58', 2015, 1959, 'Quadro', 19);
INSERT INTO Opera (codice, autore, titolo, annoAcquisto, annoRealizzazione, tipo, espostaInSala) VALUES (59, 71, 'Opera 59', 2014, 1999, 'Scultura', 13);
INSERT INTO Opera (codice, autore, titolo, annoAcquisto, annoRealizzazione, tipo, espostaInSala) VALUES (60, 50, 'Opera 60', 2016, 1947, 'Quadro', 10);
INSERT INTO Opera (codice, autore, titolo, annoAcquisto, annoRealizzazione, tipo, espostaInSala) VALUES (61, 42, 'Opera 61', 2020, 1998, 'Quadro', NULL);
INSERT INTO Opera (codice, autore, titolo, annoAcquisto, annoRealizzazione, tipo, espostaInSala) VALUES (62, 11, 'Opera 62', 1944, 1780, 'Scultura', 18);
INSERT INTO Opera (codice, autore, titolo, annoAcquisto, annoRealizzazione, tipo, espostaInSala) VALUES (63, 66, 'Opera 63', 2012, 1991, 'Scultura', 15);
INSERT INTO Opera (codice, autore, titolo, annoAcquisto, annoRealizzazione, tipo, espostaInSala) VALUES (64, 17, 'Opera 64', 1851, 1794, 'Quadro', 11);
INSERT INTO Opera (codice, autore, titolo, annoAcquisto, annoRealizzazione, tipo, espostaInSala) VALUES (65, 36, 'Opera 65', 1953, 1935, 'Quadro', NULL);
INSERT INTO Opera (codice, autore, titolo, annoAcquisto, annoRealizzazione, tipo, espostaInSala) VALUES (66, 44, 'Opera 66', 2019, 1791, 'Quadro', 14);
INSERT INTO Opera (codice, autore, titolo, annoAcquisto, annoRealizzazione, tipo, espostaInSala) VALUES (67, 17, 'Opera 67', 1978, 1898, 'Quadro', 2);
INSERT INTO Opera (codice, autore, titolo, annoAcquisto, annoRealizzazione, tipo, espostaInSala) VALUES (68, 21, 'Opera 68', 1994, 1991, 'Quadro', 1);
INSERT INTO Opera (codice, autore, titolo, annoAcquisto, annoRealizzazione, tipo, espostaInSala) VALUES (69, 66, 'Opera 69', 1988, 1949, 'Quadro', 2);
INSERT INTO Opera (codice, autore, titolo, annoAcquisto, annoRealizzazione, tipo, espostaInSala) VALUES (70, 59, 'Opera 70', 2003, 1950, 'Scultura', 9);
INSERT INTO Opera (codice, autore, titolo, annoAcquisto, annoRealizzazione, tipo, espostaInSala) VALUES (71, 62, 'Opera 71', 1757, 1747, 'Quadro', 10);
INSERT INTO Opera (codice, autore, titolo, annoAcquisto, annoRealizzazione, tipo, espostaInSala) VALUES (72, 42, 'Opera 72', 1980, 1960, 'Scultura', 10);
INSERT INTO Opera (codice, autore, titolo, annoAcquisto, annoRealizzazione, tipo, espostaInSala) VALUES (73, 43, 'Opera 73', 2024, 2016, 'Scultura', 13);
INSERT INTO Opera (codice, autore, titolo, annoAcquisto, annoRealizzazione, tipo, espostaInSala) VALUES (74, 80, 'Opera 74', 2004, 1929, 'Quadro', 9);
INSERT INTO Opera (codice, autore, titolo, annoAcquisto, annoRealizzazione, tipo, espostaInSala) VALUES (75, 37, 'Opera 75', 1886, 1766, 'Scultura', 20);
INSERT INTO Opera (codice, autore, titolo, annoAcquisto, annoRealizzazione, tipo, espostaInSala) VALUES (76, 17, 'Opera 76', 2016, 1974, 'Quadro', 3);
INSERT INTO Opera (codice, autore, titolo, annoAcquisto, annoRealizzazione, tipo, espostaInSala) VALUES (77, 30, 'Opera 77', 2005, 1914, 'Quadro', NULL);
INSERT INTO Opera (codice, autore, titolo, annoAcquisto, annoRealizzazione, tipo, espostaInSala) VALUES (78, 17, 'Opera 78', 2021, 1810, 'Quadro', 13);
INSERT INTO Opera (codice, autore, titolo, annoAcquisto, annoRealizzazione, tipo, espostaInSala) VALUES (79, 32, 'Opera 79', 1995, 1856, 'Scultura', 2);
INSERT INTO Opera (codice, autore, titolo, annoAcquisto, annoRealizzazione, tipo, espostaInSala) VALUES (80, 62, 'Opera 80', 1927, 1778, 'Quadro', 4);
INSERT INTO Opera (codice, autore, titolo, annoAcquisto, annoRealizzazione, tipo, espostaInSala) VALUES (81, 65, 'Opera 81', 1998, 1998, 'Quadro', 15);
INSERT INTO Opera (codice, autore, titolo, annoAcquisto, annoRealizzazione, tipo, espostaInSala) VALUES (82, 75, 'Opera 82', 1746, 1726, 'Scultura', 3);
INSERT INTO Opera (codice, autore, titolo, annoAcquisto, annoRealizzazione, tipo, espostaInSala) VALUES (83, 28, 'Opera 83', 1887, 1833, 'Quadro', 8);
INSERT INTO Opera (codice, autore, titolo, annoAcquisto, annoRealizzazione, tipo, espostaInSala) VALUES (84, 23, 'Opera 84', 2021, 1998, 'Scultura', 13);
INSERT INTO Opera (codice, autore, titolo, annoAcquisto, annoRealizzazione, tipo, espostaInSala) VALUES (85, 52, 'Opera 85', 1965, 1795, 'Quadro', 13);
INSERT INTO Opera (codice, autore, titolo, annoAcquisto, annoRealizzazione, tipo, espostaInSala) VALUES (86, 60, 'Opera 86', 2006, 2000, 'Quadro', 10);
INSERT INTO Opera (codice, autore, titolo, annoAcquisto, annoRealizzazione, tipo, espostaInSala) VALUES (87, 32, 'Opera 87', 2023, 1975, 'Scultura', 11);
INSERT INTO Opera (codice, autore, titolo, annoAcquisto, annoRealizzazione, tipo, espostaInSala) VALUES (88, 74, 'Opera 88', 1993, 1848, 'Quadro', 11);
INSERT INTO Opera (codice, autore, titolo, annoAcquisto, annoRealizzazione, tipo, espostaInSala) VALUES (89, 2, 'Opera 89', 2012, 2012, 'Scultura', NULL);
INSERT INTO Opera (codice, autore, titolo, annoAcquisto, annoRealizzazione, tipo, espostaInSala) VALUES (90, 59, 'Opera 90', 1905, 1855, 'Scultura', 12);
INSERT INTO Opera (codice, autore, titolo, annoAcquisto, annoRealizzazione, tipo, espostaInSala) VALUES (91, 21, 'Opera 91', 1959, 1879, 'Scultura', 1);
INSERT INTO Opera (codice, autore, titolo, annoAcquisto, annoRealizzazione, tipo, espostaInSala) VALUES (92, 7, 'Opera 92', 2021, 1721, 'Scultura', 17);
INSERT INTO Opera (codice, autore, titolo, annoAcquisto, annoRealizzazione, tipo, espostaInSala) VALUES (93, 38, 'Opera 93', 1832, 1757, 'Quadro', 11);
INSERT INTO Opera (codice, autore, titolo, annoAcquisto, annoRealizzazione, tipo, espostaInSala) VALUES (94, 48, 'Opera 94', 1812, 1760, 'Quadro', 10);
INSERT INTO Opera (codice, autore, titolo, annoAcquisto, annoRealizzazione, tipo, espostaInSala) VALUES (95, 67, 'Opera 95', 1952, 1899, 'Scultura', 17);
INSERT INTO Opera (codice, autore, titolo, annoAcquisto, annoRealizzazione, tipo, espostaInSala) VALUES (96, 68, 'Opera 96', 1989, 1970, 'Quadro', 8);
INSERT INTO Opera (codice, autore, titolo, annoAcquisto, annoRealizzazione, tipo, espostaInSala) VALUES (97, 62, 'Opera 97', 1976, 1973, 'Quadro', 1);
INSERT INTO Opera (codice, autore, titolo, annoAcquisto, annoRealizzazione, tipo, espostaInSala) VALUES (98, 68, 'Opera 98', 1965, 1836, 'Scultura', 11);
INSERT INTO Opera (codice, autore, titolo, annoAcquisto, annoRealizzazione, tipo, espostaInSala) VALUES (99, 27, 'Opera 99', 2004, 1971, 'Scultura', 13);
INSERT INTO Opera (codice, autore, titolo, annoAcquisto, annoRealizzazione, tipo, espostaInSala) VALUES (100, 1, 'Opera 100', 2001, 1934, 'Quadro', NULL);
INSERT INTO Opera (codice, autore, titolo, annoAcquisto, annoRealizzazione, tipo, espostaInSala) VALUES (101, 11, 'Opera 101', 1999, 1928, 'Scultura', 18);
INSERT INTO Opera (codice, autore, titolo, annoAcquisto, annoRealizzazione, tipo, espostaInSala) VALUES (102, 53, 'Opera 102', 2018, 1976, 'Scultura', 20);
INSERT INTO Opera (codice, autore, titolo, annoAcquisto, annoRealizzazione, tipo, espostaInSala) VALUES (103, 64, 'Opera 103', 2019, 2011, 'Quadro', 17);
INSERT INTO Opera (codice, autore, titolo, annoAcquisto, annoRealizzazione, tipo, espostaInSala) VALUES (104, 14, 'Opera 104', 1970, 1849, 'Scultura', 3);
INSERT INTO Opera (codice, autore, titolo, annoAcquisto, annoRealizzazione, tipo, espostaInSala) VALUES (105, 34, 'Opera 105', 1893, 1843, 'Scultura', 8);
INSERT INTO Opera (codice, autore, titolo, annoAcquisto, annoRealizzazione, tipo, espostaInSala) VALUES (106, 11, 'Opera 106', 1851, 1794, 'Scultura', 17);
INSERT INTO Opera (codice, autore, titolo, annoAcquisto, annoRealizzazione, tipo, espostaInSala) VALUES (107, 32, 'Opera 107', 1919, 1869, 'Quadro', 1);
INSERT INTO Opera (codice, autore, titolo, annoAcquisto, annoRealizzazione, tipo, espostaInSala) VALUES (108, 23, 'Opera 108', 1946, 1873, 'Quadro', 18);
INSERT INTO Opera (codice, autore, titolo, annoAcquisto, annoRealizzazione, tipo, espostaInSala) VALUES (109, 38, 'Opera 109', 1993, 1967, 'Quadro', 1);
INSERT INTO Opera (codice, autore, titolo, annoAcquisto, annoRealizzazione, tipo, espostaInSala) VALUES (110, 25, 'Opera 110', 1777, 1710, 'Scultura', 1);
INSERT INTO Opera (codice, autore, titolo, annoAcquisto, annoRealizzazione, tipo, espostaInSala) VALUES (111, 21, 'Opera 111', 2001, 2001, 'Scultura', 15);
INSERT INTO Opera (codice, autore, titolo, annoAcquisto, annoRealizzazione, tipo, espostaInSala) VALUES (112, 42, 'Opera 112', 1902, 1822, 'Scultura', 10);
INSERT INTO Opera (codice, autore, titolo, annoAcquisto, annoRealizzazione, tipo, espostaInSala) VALUES (113, 20, 'Opera 113', 2000, 1847, 'Scultura', 17);
INSERT INTO Opera (codice, autore, titolo, annoAcquisto, annoRealizzazione, tipo, espostaInSala) VALUES (114, 18, 'Opera 114', 1951, 1817, 'Scultura', 16);
INSERT INTO Opera (codice, autore, titolo, annoAcquisto, annoRealizzazione, tipo, espostaInSala) VALUES (115, 63, 'Opera 115', 2020, 2018, 'Scultura', NULL);
INSERT INTO Opera (codice, autore, titolo, annoAcquisto, annoRealizzazione, tipo, espostaInSala) VALUES (116, 33, 'Opera 116', 1909, 1703, 'Quadro', 3);
INSERT INTO Opera (codice, autore, titolo, annoAcquisto, annoRealizzazione, tipo, espostaInSala) VALUES (117, 52, 'Opera 117', 2022, 2021, 'Scultura', 12);
INSERT INTO Opera (codice, autore, titolo, annoAcquisto, annoRealizzazione, tipo, espostaInSala) VALUES (118, 56, 'Opera 118', 1987, 1981, 'Scultura', 11);
INSERT INTO Opera (codice, autore, titolo, annoAcquisto, annoRealizzazione, tipo, espostaInSala) VALUES (119, 5, 'Opera 119', 1954, 1939, 'Scultura', 13);
INSERT INTO Opera (codice, autore, titolo, annoAcquisto, annoRealizzazione, tipo, espostaInSala) VALUES (120, 21, 'Opera 120', 1986, 1849, 'Scultura', 13);
INSERT INTO Opera (codice, autore, titolo, annoAcquisto, annoRealizzazione, tipo, espostaInSala) VALUES (121, 59, 'Opera 121', 2000, 1892, 'Quadro', 1);
INSERT INTO Opera (codice, autore, titolo, annoAcquisto, annoRealizzazione, tipo, espostaInSala) VALUES (122, 49, 'Opera 122', 1970, 1949, 'Quadro', 19);
INSERT INTO Opera (codice, autore, titolo, annoAcquisto, annoRealizzazione, tipo, espostaInSala) VALUES (123, 13, 'Opera 123', 1948, 1877, 'Quadro', NULL);
INSERT INTO Opera (codice, autore, titolo, annoAcquisto, annoRealizzazione, tipo, espostaInSala) VALUES (124, 40, 'Opera 124', 1978, 1714, 'Scultura', 18);
INSERT INTO Opera (codice, autore, titolo, annoAcquisto, annoRealizzazione, tipo, espostaInSala) VALUES (125, 3, 'Opera 125', 2020, 1906, 'Quadro', 20);
INSERT INTO Opera (codice, autore, titolo, annoAcquisto, annoRealizzazione, tipo, espostaInSala) VALUES (126, 53, 'Opera 126', 1944, 1796, 'Scultura', 10);
INSERT INTO Opera (codice, autore, titolo, annoAcquisto, annoRealizzazione, tipo, espostaInSala) VALUES (127, 13, 'Opera 127', 1947, 1923, 'Scultura', NULL);
INSERT INTO Opera (codice, autore, titolo, annoAcquisto, annoRealizzazione, tipo, espostaInSala) VALUES (128, 17, 'Opera 128', 1965, 1780, 'Quadro', 10);
INSERT INTO Opera (codice, autore, titolo, annoAcquisto, annoRealizzazione, tipo, espostaInSala) VALUES (129, 3, 'Opera 129', 1839, 1839, 'Quadro', 7);
INSERT INTO Opera (codice, autore, titolo, annoAcquisto, annoRealizzazione, tipo, espostaInSala) VALUES (130, 53, 'Opera 130', 1898, 1778, 'Scultura', 13);
INSERT INTO Opera (codice, autore, titolo, annoAcquisto, annoRealizzazione, tipo, espostaInSala) VALUES (131, 36, 'Opera 131', 1984, 1903, 'Quadro', 10);
INSERT INTO Opera (codice, autore, titolo, annoAcquisto, annoRealizzazione, tipo, espostaInSala) VALUES (132, 36, 'Opera 132', 1983, 1944, 'Scultura', 4);
INSERT INTO Opera (codice, autore, titolo, annoAcquisto, annoRealizzazione, tipo, espostaInSala) VALUES (133, 30, 'Opera 133', 1972, 1884, 'Quadro', 16);
INSERT INTO Opera (codice, autore, titolo, annoAcquisto, annoRealizzazione, tipo, espostaInSala) VALUES (134, 80, 'Opera 134', 2015, 1751, 'Scultura', 10);
INSERT INTO Opera (codice, autore, titolo, annoAcquisto, annoRealizzazione, tipo, espostaInSala) VALUES (135, 14, 'Opera 135', 2002, 2001, 'Quadro', 18);
INSERT INTO Opera (codice, autore, titolo, annoAcquisto, annoRealizzazione, tipo, espostaInSala) VALUES (136, 78, 'Opera 136', 1945, 1774, 'Quadro', 15);
INSERT INTO Opera (codice, autore, titolo, annoAcquisto, annoRealizzazione, tipo, espostaInSala) VALUES (137, 63, 'Opera 137', 1979, 1943, 'Scultura', 17);
INSERT INTO Opera (codice, autore, titolo, annoAcquisto, annoRealizzazione, tipo, espostaInSala) VALUES (138, 68, 'Opera 138', 1989, 1885, 'Scultura', 19);
INSERT INTO Opera (codice, autore, titolo, annoAcquisto, annoRealizzazione, tipo, espostaInSala) VALUES (139, 13, 'Opera 139', 1891, 1803, 'Quadro', 7);
INSERT INTO Opera (codice, autore, titolo, annoAcquisto, annoRealizzazione, tipo, espostaInSala) VALUES (140, 63, 'Opera 140', 1976, 1913, 'Quadro', 9);
INSERT INTO Opera (codice, autore, titolo, annoAcquisto, annoRealizzazione, tipo, espostaInSala) VALUES (141, 61, 'Opera 141', 2022, 2020, 'Quadro', 7);
INSERT INTO Opera (codice, autore, titolo, annoAcquisto, annoRealizzazione, tipo, espostaInSala) VALUES (142, 68, 'Opera 142', 1715, 1710, 'Quadro', 12);
INSERT INTO Opera (codice, autore, titolo, annoAcquisto, annoRealizzazione, tipo, espostaInSala) VALUES (143, 16, 'Opera 143', 2024, 2021, 'Quadro', 3);
INSERT INTO Opera (codice, autore, titolo, annoAcquisto, annoRealizzazione, tipo, espostaInSala) VALUES (144, 76, 'Opera 144', 1957, 1924, 'Quadro', 16);
INSERT INTO Opera (codice, autore, titolo, annoAcquisto, annoRealizzazione, tipo, espostaInSala) VALUES (145, 35, 'Opera 145', 1785, 1783, 'Scultura', 1);
INSERT INTO Opera (codice, autore, titolo, annoAcquisto, annoRealizzazione, tipo, espostaInSala) VALUES (146, 15, 'Opera 146', 1930, 1854, 'Scultura', 3);
INSERT INTO Opera (codice, autore, titolo, annoAcquisto, annoRealizzazione, tipo, espostaInSala) VALUES (147, 27, 'Opera 147', 2002, 1959, 'Quadro', NULL);
INSERT INTO Opera (codice, autore, titolo, annoAcquisto, annoRealizzazione, tipo, espostaInSala) VALUES (148, 52, 'Opera 148', 1986, 1825, 'Quadro', 14);
INSERT INTO Opera (codice, autore, titolo, annoAcquisto, annoRealizzazione, tipo, espostaInSala) VALUES (149, 32, 'Opera 149', 2023, 1958, 'Quadro', 3);
INSERT INTO Opera (codice, autore, titolo, annoAcquisto, annoRealizzazione, tipo, espostaInSala) VALUES (150, 19, 'Opera 150', 1859, 1855, 'Scultura', 1);
INSERT INTO Opera (codice, autore, titolo, annoAcquisto, annoRealizzazione, tipo, espostaInSala) VALUES (151, 9, 'Opera 151', 2016, 1876, 'Scultura', 19);
INSERT INTO Opera (codice, autore, titolo, annoAcquisto, annoRealizzazione, tipo, espostaInSala) VALUES (152, 41, 'Opera 152', 2001, 1978, 'Quadro', 15);
INSERT INTO Opera (codice, autore, titolo, annoAcquisto, annoRealizzazione, tipo, espostaInSala) VALUES (153, 17, 'Opera 153', 1927, 1770, 'Scultura', 10);
INSERT INTO Opera (codice, autore, titolo, annoAcquisto, annoRealizzazione, tipo, espostaInSala) VALUES (154, 38, 'Opera 154', 1953, 1714, 'Quadro', 4);
INSERT INTO Opera (codice, autore, titolo, annoAcquisto, annoRealizzazione, tipo, espostaInSala) VALUES (155, 26, 'Opera 155', 1987, 1863, 'Scultura', 7);
INSERT INTO Opera (codice, autore, titolo, annoAcquisto, annoRealizzazione, tipo, espostaInSala) VALUES (156, 68, 'Opera 156', 2012, 1745, 'Quadro', 3);
INSERT INTO Opera (codice, autore, titolo, annoAcquisto, annoRealizzazione, tipo, espostaInSala) VALUES (157, 34, 'Opera 157', 2025, 2005, 'Scultura', 4);
INSERT INTO Opera (codice, autore, titolo, annoAcquisto, annoRealizzazione, tipo, espostaInSala) VALUES (158, 23, 'Opera 158', 1964, 1747, 'Scultura', 3);
INSERT INTO Opera (codice, autore, titolo, annoAcquisto, annoRealizzazione, tipo, espostaInSala) VALUES (159, 32, 'Opera 159', 1965, 1766, 'Quadro', 16);
INSERT INTO Opera (codice, autore, titolo, annoAcquisto, annoRealizzazione, tipo, espostaInSala) VALUES (160, 37, 'Opera 160', 1874, 1799, 'Quadro', 5);
INSERT INTO Opera (codice, autore, titolo, annoAcquisto, annoRealizzazione, tipo, espostaInSala) VALUES (161, 14, 'Opera 161', 1993, 1956, 'Scultura', 14);
INSERT INTO Opera (codice, autore, titolo, annoAcquisto, annoRealizzazione, tipo, espostaInSala) VALUES (162, 72, 'Opera 162', 1989, 1927, 'Quadro', 19);
INSERT INTO Opera (codice, autore, titolo, annoAcquisto, annoRealizzazione, tipo, espostaInSala) VALUES (163, 75, 'Opera 163', 2018, 1927, 'Quadro', 19);
INSERT INTO Opera (codice, autore, titolo, annoAcquisto, annoRealizzazione, tipo, espostaInSala) VALUES (164, 10, 'Opera 164', 1892, 1733, 'Quadro', 17);
INSERT INTO Opera (codice, autore, titolo, annoAcquisto, annoRealizzazione, tipo, espostaInSala) VALUES (165, 28, 'Opera 165', 1956, 1932, 'Quadro', 6);
INSERT INTO Opera (codice, autore, titolo, annoAcquisto, annoRealizzazione, tipo, espostaInSala) VALUES (166, 47, 'Opera 166', 2012, 1904, 'Quadro', 9);
INSERT INTO Opera (codice, autore, titolo, annoAcquisto, annoRealizzazione, tipo, espostaInSala) VALUES (167, 67, 'Opera 167', 2003, 1773, 'Scultura', 7);
INSERT INTO Opera (codice, autore, titolo, annoAcquisto, annoRealizzazione, tipo, espostaInSala) VALUES (168, 10, 'Opera 168', 1852, 1737, 'Quadro', 9);
INSERT INTO Opera (codice, autore, titolo, annoAcquisto, annoRealizzazione, tipo, espostaInSala) VALUES (169, 33, 'Opera 169', 2012, 1945, 'Scultura', 3);
INSERT INTO Opera (codice, autore, titolo, annoAcquisto, annoRealizzazione, tipo, espostaInSala) VALUES (170, 70, 'Opera 170', 1777, 1712, 'Quadro', 10);
INSERT INTO Opera (codice, autore, titolo, annoAcquisto, annoRealizzazione, tipo, espostaInSala) VALUES (171, 49, 'Opera 171', 1860, 1849, 'Scultura', 12);
INSERT INTO Opera (codice, autore, titolo, annoAcquisto, annoRealizzazione, tipo, espostaInSala) VALUES (172, 49, 'Opera 172', 1798, 1701, 'Quadro', NULL);
INSERT INTO Opera (codice, autore, titolo, annoAcquisto, annoRealizzazione, tipo, espostaInSala) VALUES (173, 27, 'Opera 173', 1854, 1826, 'Quadro', 8);
INSERT INTO Opera (codice, autore, titolo, annoAcquisto, annoRealizzazione, tipo, espostaInSala) VALUES (174, 20, 'Opera 174', 1945, 1853, 'Scultura', 1);
INSERT INTO Opera (codice, autore, titolo, annoAcquisto, annoRealizzazione, tipo, espostaInSala) VALUES (175, 43, 'Opera 175', 1910, 1895, 'Quadro', 4);
INSERT INTO Opera (codice, autore, titolo, annoAcquisto, annoRealizzazione, tipo, espostaInSala) VALUES (176, 47, 'Opera 176', 2015, 2011, 'Quadro', 20);
INSERT INTO Opera (codice, autore, titolo, annoAcquisto, annoRealizzazione, tipo, espostaInSala) VALUES (177, 7, 'Opera 177', 2004, 1847, 'Scultura', 2);
INSERT INTO Opera (codice, autore, titolo, annoAcquisto, annoRealizzazione, tipo, espostaInSala) VALUES (178, 1, 'Opera 178', 1938, 1725, 'Scultura', 18);
INSERT INTO Opera (codice, autore, titolo, annoAcquisto, annoRealizzazione, tipo, espostaInSala) VALUES (179, 47, 'Opera 179', 1977, 1953, 'Scultura', 16);
INSERT INTO Opera (codice, autore, titolo, annoAcquisto, annoRealizzazione, tipo, espostaInSala) VALUES (180, 77, 'Opera 180', 1968, 1786, 'Scultura', 2);
INSERT INTO Opera (codice, autore, titolo, annoAcquisto, annoRealizzazione, tipo, espostaInSala) VALUES (181, 21, 'Opera 181', 1952, 1843, 'Scultura', 4);
INSERT INTO Opera (codice, autore, titolo, annoAcquisto, annoRealizzazione, tipo, espostaInSala) VALUES (182, 3, 'Opera 182', 1968, 1946, 'Scultura', 7);
INSERT INTO Opera (codice, autore, titolo, annoAcquisto, annoRealizzazione, tipo, espostaInSala) VALUES (183, 34, 'Opera 183', 2014, 1996, 'Quadro', 12);
INSERT INTO Opera (codice, autore, titolo, annoAcquisto, annoRealizzazione, tipo, espostaInSala) VALUES (184, 80, 'Opera 184', 1999, 1871, 'Quadro', 6);
INSERT INTO Opera (codice, autore, titolo, annoAcquisto, annoRealizzazione, tipo, espostaInSala) VALUES (185, 68, 'Opera 185', 2025, 1930, 'Quadro', NULL);
INSERT INTO Opera (codice, autore, titolo, annoAcquisto, annoRealizzazione, tipo, espostaInSala) VALUES (186, 32, 'Opera 186', 2022, 2018, 'Quadro', 1);
INSERT INTO Opera (codice, autore, titolo, annoAcquisto, annoRealizzazione, tipo, espostaInSala) VALUES (187, 79, 'Opera 187', 2021, 1964, 'Quadro', 13);
INSERT INTO Opera (codice, autore, titolo, annoAcquisto, annoRealizzazione, tipo, espostaInSala) VALUES (188, 27, 'Opera 188', 1811, 1765, 'Scultura', 11);
INSERT INTO Opera (codice, autore, titolo, annoAcquisto, annoRealizzazione, tipo, espostaInSala) VALUES (189, 16, 'Opera 189', 2004, 1992, 'Scultura', NULL);
INSERT INTO Opera (codice, autore, titolo, annoAcquisto, annoRealizzazione, tipo, espostaInSala) VALUES (190, 2, 'Opera 190', 1965, 1715, 'Scultura', 13);
INSERT INTO Opera (codice, autore, titolo, annoAcquisto, annoRealizzazione, tipo, espostaInSala) VALUES (191, 42, 'Opera 191', 2018, 1971, 'Scultura', 19);
INSERT INTO Opera (codice, autore, titolo, annoAcquisto, annoRealizzazione, tipo, espostaInSala) VALUES (192, 28, 'Opera 192', 2020, 1998, 'Scultura', 10);
INSERT INTO Opera (codice, autore, titolo, annoAcquisto, annoRealizzazione, tipo, espostaInSala) VALUES (193, 22, 'Opera 193', 1978, 1814, 'Scultura', 1);
INSERT INTO Opera (codice, autore, titolo, annoAcquisto, annoRealizzazione, tipo, espostaInSala) VALUES (194, 35, 'Opera 194', 1927, 1918, 'Quadro', 17);
INSERT INTO Opera (codice, autore, titolo, annoAcquisto, annoRealizzazione, tipo, espostaInSala) VALUES (195, 26, 'Opera 195', 1964, 1810, 'Quadro', NULL);
INSERT INTO Opera (codice, autore, titolo, annoAcquisto, annoRealizzazione, tipo, espostaInSala) VALUES (196, 23, 'Opera 196', 2010, 1989, 'Quadro', NULL);
INSERT INTO Opera (codice, autore, titolo, annoAcquisto, annoRealizzazione, tipo, espostaInSala) VALUES (197, 11, 'Opera 197', 1958, 1789, 'Quadro', 8);
INSERT INTO Opera (codice, autore, titolo, annoAcquisto, annoRealizzazione, tipo, espostaInSala) VALUES (198, 77, 'Opera 198', 2013, 1812, 'Scultura', 12);
INSERT INTO Opera (codice, autore, titolo, annoAcquisto, annoRealizzazione, tipo, espostaInSala) VALUES (199, 66, 'Opera 199', 2010, 1940, 'Scultura', 7);
INSERT INTO Opera (codice, autore, titolo, annoAcquisto, annoRealizzazione, tipo, espostaInSala) VALUES (200, 17, 'Opera 200', 2024, 1971, 'Scultura', 9);
INSERT INTO Opera (codice, autore, titolo, annoAcquisto, annoRealizzazione, tipo, espostaInSala) VALUES (201, 78, 'Opera 201', 2012, 2005, 'Quadro', 14);
INSERT INTO Opera (codice, autore, titolo, annoAcquisto, annoRealizzazione, tipo, espostaInSala) VALUES (202, 64, 'Opera 202', 1980, 1829, 'Quadro', 5);
INSERT INTO Opera (codice, autore, titolo, annoAcquisto, annoRealizzazione, tipo, espostaInSala) VALUES (203, 11, 'Opera 203', 1944, 1944, 'Quadro', 5);
INSERT INTO Opera (codice, autore, titolo, annoAcquisto, annoRealizzazione, tipo, espostaInSala) VALUES (204, 79, 'Opera 204', 1788, 1780, 'Scultura', 2);
INSERT INTO Opera (codice, autore, titolo, annoAcquisto, annoRealizzazione, tipo, espostaInSala) VALUES (205, 69, 'Opera 205', 1859, 1848, 'Scultura', 15);
INSERT INTO Opera (codice, autore, titolo, annoAcquisto, annoRealizzazione, tipo, espostaInSala) VALUES (206, 33, 'Opera 206', 1811, 1762, 'Scultura', 20);
INSERT INTO Opera (codice, autore, titolo, annoAcquisto, annoRealizzazione, tipo, espostaInSala) VALUES (207, 69, 'Opera 207', 1756, 1727, 'Scultura', 17);
INSERT INTO Opera (codice, autore, titolo, annoAcquisto, annoRealizzazione, tipo, espostaInSala) VALUES (208, 63, 'Opera 208', 2000, 1990, 'Quadro', 10);
INSERT INTO Opera (codice, autore, titolo, annoAcquisto, annoRealizzazione, tipo, espostaInSala) VALUES (209, 7, 'Opera 209', 1794, 1724, 'Quadro', 6);
INSERT INTO Opera (codice, autore, titolo, annoAcquisto, annoRealizzazione, tipo, espostaInSala) VALUES (210, 24, 'Opera 210', 1926, 1777, 'Scultura', 20);
INSERT INTO Opera (codice, autore, titolo, annoAcquisto, annoRealizzazione, tipo, espostaInSala) VALUES (211, 76, 'Opera 211', 1991, 1977, 'Scultura', 10);
INSERT INTO Opera (codice, autore, titolo, annoAcquisto, annoRealizzazione, tipo, espostaInSala) VALUES (212, 44, 'Opera 212', 1957, 1872, 'Quadro', 19);
INSERT INTO Opera (codice, autore, titolo, annoAcquisto, annoRealizzazione, tipo, espostaInSala) VALUES (213, 3, 'Opera 213', 1784, 1779, 'Scultura', 15);
INSERT INTO Opera (codice, autore, titolo, annoAcquisto, annoRealizzazione, tipo, espostaInSala) VALUES (214, 19, 'Opera 214', 1915, 1825, 'Quadro', 9);
INSERT INTO Opera (codice, autore, titolo, annoAcquisto, annoRealizzazione, tipo, espostaInSala) VALUES (215, 64, 'Opera 215', 2019, 1926, 'Scultura', 12);
INSERT INTO Opera (codice, autore, titolo, annoAcquisto, annoRealizzazione, tipo, espostaInSala) VALUES (216, 29, 'Opera 216', 1961, 1903, 'Quadro', 5);
INSERT INTO Opera (codice, autore, titolo, annoAcquisto, annoRealizzazione, tipo, espostaInSala) VALUES (217, 32, 'Opera 217', 1959, 1954, 'Scultura', 6);
INSERT INTO Opera (codice, autore, titolo, annoAcquisto, annoRealizzazione, tipo, espostaInSala) VALUES (218, 36, 'Opera 218', 1872, 1737, 'Scultura', 14);
INSERT INTO Opera (codice, autore, titolo, annoAcquisto, annoRealizzazione, tipo, espostaInSala) VALUES (219, 27, 'Opera 219', 2006, 1990, 'Quadro', 8);
INSERT INTO Opera (codice, autore, titolo, annoAcquisto, annoRealizzazione, tipo, espostaInSala) VALUES (220, 50, 'Opera 220', 1865, 1746, 'Scultura', 20);
INSERT INTO Opera (codice, autore, titolo, annoAcquisto, annoRealizzazione, tipo, espostaInSala) VALUES (221, 28, 'Opera 221', 1752, 1713, 'Scultura', NULL);
INSERT INTO Opera (codice, autore, titolo, annoAcquisto, annoRealizzazione, tipo, espostaInSala) VALUES (222, 25, 'Opera 222', 1928, 1808, 'Scultura', 12);
INSERT INTO Opera (codice, autore, titolo, annoAcquisto, annoRealizzazione, tipo, espostaInSala) VALUES (223, 7, 'Opera 223', 1942, 1886, 'Quadro', 17);
INSERT INTO Opera (codice, autore, titolo, annoAcquisto, annoRealizzazione, tipo, espostaInSala) VALUES (224, 35, 'Opera 224', 1994, 1970, 'Scultura', 8);
INSERT INTO Opera (codice, autore, titolo, annoAcquisto, annoRealizzazione, tipo, espostaInSala) VALUES (225, 67, 'Opera 225', 1930, 1902, 'Scultura', 10);
INSERT INTO Opera (codice, autore, titolo, annoAcquisto, annoRealizzazione, tipo, espostaInSala) VALUES (226, 63, 'Opera 226', 1937, 1799, 'Scultura', 5);
INSERT INTO Opera (codice, autore, titolo, annoAcquisto, annoRealizzazione, tipo, espostaInSala) VALUES (227, 34, 'Opera 227', 1998, 1853, 'Scultura', 4);
INSERT INTO Opera (codice, autore, titolo, annoAcquisto, annoRealizzazione, tipo, espostaInSala) VALUES (228, 48, 'Opera 228', 1889, 1800, 'Quadro', 19);
INSERT INTO Opera (codice, autore, titolo, annoAcquisto, annoRealizzazione, tipo, espostaInSala) VALUES (229, 22, 'Opera 229', 1939, 1829, 'Scultura', 20);
INSERT INTO Opera (codice, autore, titolo, annoAcquisto, annoRealizzazione, tipo, espostaInSala) VALUES (230, 55, 'Opera 230', 2006, 1894, 'Scultura', 4);
INSERT INTO Opera (codice, autore, titolo, annoAcquisto, annoRealizzazione, tipo, espostaInSala) VALUES (231, 1, 'Opera 231', 1737, 1728, 'Quadro', 10);
INSERT INTO Opera (codice, autore, titolo, annoAcquisto, annoRealizzazione, tipo, espostaInSala) VALUES (232, 61, 'Opera 232', 1774, 1704, 'Scultura', 13);
INSERT INTO Opera (codice, autore, titolo, annoAcquisto, annoRealizzazione, tipo, espostaInSala) VALUES (233, 2, 'Opera 233', 1891, 1741, 'Scultura', NULL);
INSERT INTO Opera (codice, autore, titolo, annoAcquisto, annoRealizzazione, tipo, espostaInSala) VALUES (234, 16, 'Opera 234', 1969, 1762, 'Scultura', 2);
INSERT INTO Opera (codice, autore, titolo, annoAcquisto, annoRealizzazione, tipo, espostaInSala) VALUES (235, 58, 'Opera 235', 1739, 1711, 'Scultura', 8);
INSERT INTO Opera (codice, autore, titolo, annoAcquisto, annoRealizzazione, tipo, espostaInSala) VALUES (236, 59, 'Opera 236', 1817, 1710, 'Quadro', 5);
INSERT INTO Opera (codice, autore, titolo, annoAcquisto, annoRealizzazione, tipo, espostaInSala) VALUES (237, 29, 'Opera 237', 1979, 1892, 'Quadro', 3);
INSERT INTO Opera (codice, autore, titolo, annoAcquisto, annoRealizzazione, tipo, espostaInSala) VALUES (238, 54, 'Opera 238', 2011, 1990, 'Scultura', 20);
INSERT INTO Opera (codice, autore, titolo, annoAcquisto, annoRealizzazione, tipo, espostaInSala) VALUES (239, 40, 'Opera 239', 1970, 1950, 'Quadro', 6);
INSERT INTO Opera (codice, autore, titolo, annoAcquisto, annoRealizzazione, tipo, espostaInSala) VALUES (240, 6, 'Opera 240', 2006, 1943, 'Quadro', 6);
INSERT INTO Opera (codice, autore, titolo, annoAcquisto, annoRealizzazione, tipo, espostaInSala) VALUES (241, 29, 'Opera 241', 1997, 1953, 'Quadro', NULL);
INSERT INTO Opera (codice, autore, titolo, annoAcquisto, annoRealizzazione, tipo, espostaInSala) VALUES (242, 46, 'Opera 242', 1967, 1936, 'Quadro', 19);
INSERT INTO Opera (codice, autore, titolo, annoAcquisto, annoRealizzazione, tipo, espostaInSala) VALUES (243, 75, 'Opera 243', 2003, 1907, 'Quadro', 9);
INSERT INTO Opera (codice, autore, titolo, annoAcquisto, annoRealizzazione, tipo, espostaInSala) VALUES (244, 59, 'Opera 244', 1925, 1920, 'Scultura', 18);
INSERT INTO Opera (codice, autore, titolo, annoAcquisto, annoRealizzazione, tipo, espostaInSala) VALUES (245, 1, 'Opera 245', 2006, 1972, 'Scultura', 11);
INSERT INTO Opera (codice, autore, titolo, annoAcquisto, annoRealizzazione, tipo, espostaInSala) VALUES (246, 37, 'Opera 246', 1989, 1989, 'Quadro', 6);
INSERT INTO Opera (codice, autore, titolo, annoAcquisto, annoRealizzazione, tipo, espostaInSala) VALUES (247, 2, 'Opera 247', 2018, 2002, 'Scultura', 8);
INSERT INTO Opera (codice, autore, titolo, annoAcquisto, annoRealizzazione, tipo, espostaInSala) VALUES (248, 71, 'Opera 248', 1992, 1869, 'Scultura', 18);
INSERT INTO Opera (codice, autore, titolo, annoAcquisto, annoRealizzazione, tipo, espostaInSala) VALUES (249, 26, 'Opera 249', 1959, 1891, 'Quadro', 2);
INSERT INTO Opera (codice, autore, titolo, annoAcquisto, annoRealizzazione, tipo, espostaInSala) VALUES (250, 32, 'Opera 250', 1839, 1711, 'Quadro', 2);
INSERT INTO Opera (codice, autore, titolo, annoAcquisto, annoRealizzazione, tipo, espostaInSala) VALUES (251, 25, 'Opera 251', 1895, 1815, 'Scultura', NULL);
INSERT INTO Opera (codice, autore, titolo, annoAcquisto, annoRealizzazione, tipo, espostaInSala) VALUES (252, 11, 'Opera 252', 2012, 1863, 'Scultura', 14);
INSERT INTO Opera (codice, autore, titolo, annoAcquisto, annoRealizzazione, tipo, espostaInSala) VALUES (253, 38, 'Opera 253', 1860, 1830, 'Scultura', 3);
INSERT INTO Opera (codice, autore, titolo, annoAcquisto, annoRealizzazione, tipo, espostaInSala) VALUES (254, 58, 'Opera 254', 2023, 2023, 'Quadro', 12);
INSERT INTO Opera (codice, autore, titolo, annoAcquisto, annoRealizzazione, tipo, espostaInSala) VALUES (255, 40, 'Opera 255', 1968, 1737, 'Scultura', 20);
INSERT INTO Opera (codice, autore, titolo, annoAcquisto, annoRealizzazione, tipo, espostaInSala) VALUES (256, 75, 'Opera 256', 1814, 1800, 'Scultura', 11);
INSERT INTO Opera (codice, autore, titolo, annoAcquisto, annoRealizzazione, tipo, espostaInSala) VALUES (257, 51, 'Opera 257', 1873, 1830, 'Scultura', 18);
INSERT INTO Opera (codice, autore, titolo, annoAcquisto, annoRealizzazione, tipo, espostaInSala) VALUES (258, 49, 'Opera 258', 1835, 1717, 'Scultura', 8);
INSERT INTO Opera (codice, autore, titolo, annoAcquisto, annoRealizzazione, tipo, espostaInSala) VALUES (259, 14, 'Opera 259', 1951, 1891, 'Quadro', 2);
INSERT INTO Opera (codice, autore, titolo, annoAcquisto, annoRealizzazione, tipo, espostaInSala) VALUES (260, 29, 'Opera 260', 2018, 1996, 'Scultura', 20);
INSERT INTO Opera (codice, autore, titolo, annoAcquisto, annoRealizzazione, tipo, espostaInSala) VALUES (261, 78, 'Opera 261', 2023, 2019, 'Quadro', 8);
INSERT INTO Opera (codice, autore, titolo, annoAcquisto, annoRealizzazione, tipo, espostaInSala) VALUES (262, 16, 'Opera 262', 2000, 1859, 'Quadro', 6);
INSERT INTO Opera (codice, autore, titolo, annoAcquisto, annoRealizzazione, tipo, espostaInSala) VALUES (263, 49, 'Opera 263', 1985, 1842, 'Quadro', 19);
INSERT INTO Opera (codice, autore, titolo, annoAcquisto, annoRealizzazione, tipo, espostaInSala) VALUES (264, 14, 'Opera 264', 1797, 1796, 'Quadro', 5);
INSERT INTO Opera (codice, autore, titolo, annoAcquisto, annoRealizzazione, tipo, espostaInSala) VALUES (265, 14, 'Opera 265', 1853, 1776, 'Quadro', 15);
INSERT INTO Opera (codice, autore, titolo, annoAcquisto, annoRealizzazione, tipo, espostaInSala) VALUES (266, 13, 'Opera 266', 1970, 1730, 'Scultura', 11);
INSERT INTO Opera (codice, autore, titolo, annoAcquisto, annoRealizzazione, tipo, espostaInSala) VALUES (267, 45, 'Opera 267', 2001, 1996, 'Quadro', 5);
INSERT INTO Opera (codice, autore, titolo, annoAcquisto, annoRealizzazione, tipo, espostaInSala) VALUES (268, 3, 'Opera 268', 1917, 1829, 'Quadro', 10);
INSERT INTO Opera (codice, autore, titolo, annoAcquisto, annoRealizzazione, tipo, espostaInSala) VALUES (269, 29, 'Opera 269', 1774, 1709, 'Quadro', 17);
INSERT INTO Opera (codice, autore, titolo, annoAcquisto, annoRealizzazione, tipo, espostaInSala) VALUES (270, 22, 'Opera 270', 2024, 1983, 'Quadro', NULL);
INSERT INTO Opera (codice, autore, titolo, annoAcquisto, annoRealizzazione, tipo, espostaInSala) VALUES (271, 54, 'Opera 271', 2013, 1872, 'Quadro', 3);
INSERT INTO Opera (codice, autore, titolo, annoAcquisto, annoRealizzazione, tipo, espostaInSala) VALUES (272, 64, 'Opera 272', 2001, 1937, 'Quadro', 11);
INSERT INTO Opera (codice, autore, titolo, annoAcquisto, annoRealizzazione, tipo, espostaInSala) VALUES (273, 61, 'Opera 273', 1926, 1789, 'Quadro', 9);
INSERT INTO Opera (codice, autore, titolo, annoAcquisto, annoRealizzazione, tipo, espostaInSala) VALUES (274, 2, 'Opera 274', 2014, 2010, 'Quadro', 5);
INSERT INTO Opera (codice, autore, titolo, annoAcquisto, annoRealizzazione, tipo, espostaInSala) VALUES (275, 52, 'Opera 275', 1985, 1920, 'Quadro', 7);
INSERT INTO Opera (codice, autore, titolo, annoAcquisto, annoRealizzazione, tipo, espostaInSala) VALUES (276, 70, 'Opera 276', 1968, 1786, 'Quadro', NULL);
INSERT INTO Opera (codice, autore, titolo, annoAcquisto, annoRealizzazione, tipo, espostaInSala) VALUES (277, 78, 'Opera 277', 1907, 1716, 'Quadro', NULL);
INSERT INTO Opera (codice, autore, titolo, annoAcquisto, annoRealizzazione, tipo, espostaInSala) VALUES (278, 64, 'Opera 278', 1930, 1817, 'Quadro', 3);
INSERT INTO Opera (codice, autore, titolo, annoAcquisto, annoRealizzazione, tipo, espostaInSala) VALUES (279, 55, 'Opera 279', 1937, 1928, 'Scultura', 16);
INSERT INTO Opera (codice, autore, titolo, annoAcquisto, annoRealizzazione, tipo, espostaInSala) VALUES (280, 37, 'Opera 280', 2024, 2021, 'Quadro', 2);
INSERT INTO Opera (codice, autore, titolo, annoAcquisto, annoRealizzazione, tipo, espostaInSala) VALUES (281, 67, 'Opera 281', 2018, 1974, 'Scultura', 10);
INSERT INTO Opera (codice, autore, titolo, annoAcquisto, annoRealizzazione, tipo, espostaInSala) VALUES (282, 15, 'Opera 282', 1893, 1868, 'Scultura', 6);
INSERT INTO Opera (codice, autore, titolo, annoAcquisto, annoRealizzazione, tipo, espostaInSala) VALUES (283, 78, 'Opera 283', 2018, 1981, 'Scultura', 15);
INSERT INTO Opera (codice, autore, titolo, annoAcquisto, annoRealizzazione, tipo, espostaInSala) VALUES (284, 74, 'Opera 284', 2015, 1828, 'Quadro', NULL);
INSERT INTO Opera (codice, autore, titolo, annoAcquisto, annoRealizzazione, tipo, espostaInSala) VALUES (285, 54, 'Opera 285', 2023, 1843, 'Scultura', 6);
INSERT INTO Opera (codice, autore, titolo, annoAcquisto, annoRealizzazione, tipo, espostaInSala) VALUES (286, 76, 'Opera 286', 2015, 1850, 'Scultura', 1);
INSERT INTO Opera (codice, autore, titolo, annoAcquisto, annoRealizzazione, tipo, espostaInSala) VALUES (287, 36, 'Opera 287', 1837, 1829, 'Quadro', 2);
INSERT INTO Opera (codice, autore, titolo, annoAcquisto, annoRealizzazione, tipo, espostaInSala) VALUES (288, 17, 'Opera 288', 1771, 1769, 'Quadro', NULL);
INSERT INTO Opera (codice, autore, titolo, annoAcquisto, annoRealizzazione, tipo, espostaInSala) VALUES (289, 39, 'Opera 289', 2015, 1971, 'Scultura', 3);
INSERT INTO Opera (codice, autore, titolo, annoAcquisto, annoRealizzazione, tipo, espostaInSala) VALUES (290, 61, 'Opera 290', 2021, 2011, 'Quadro', 12);
INSERT INTO Opera (codice, autore, titolo, annoAcquisto, annoRealizzazione, tipo, espostaInSala) VALUES (291, 25, 'Opera 291', 1930, 1902, 'Scultura', 1);
INSERT INTO Opera (codice, autore, titolo, annoAcquisto, annoRealizzazione, tipo, espostaInSala) VALUES (292, 76, 'Opera 292', 1859, 1770, 'Scultura', 4);
INSERT INTO Opera (codice, autore, titolo, annoAcquisto, annoRealizzazione, tipo, espostaInSala) VALUES (293, 21, 'Opera 293', 2005, 1885, 'Quadro', 11);
INSERT INTO Opera (codice, autore, titolo, annoAcquisto, annoRealizzazione, tipo, espostaInSala) VALUES (294, 30, 'Opera 294', 2018, 2001, 'Quadro', 14);
INSERT INTO Opera (codice, autore, titolo, annoAcquisto, annoRealizzazione, tipo, espostaInSala) VALUES (295, 46, 'Opera 295', 1887, 1772, 'Scultura', 17);
INSERT INTO Opera (codice, autore, titolo, annoAcquisto, annoRealizzazione, tipo, espostaInSala) VALUES (296, 32, 'Opera 296', 1990, 1957, 'Scultura', 18);
INSERT INTO Opera (codice, autore, titolo, annoAcquisto, annoRealizzazione, tipo, espostaInSala) VALUES (297, 51, 'Opera 297', 1941, 1877, 'Scultura', 11);
INSERT INTO Opera (codice, autore, titolo, annoAcquisto, annoRealizzazione, tipo, espostaInSala) VALUES (298, 55, 'Opera 298', 2003, 1701, 'Quadro', 17);
INSERT INTO Opera (codice, autore, titolo, annoAcquisto, annoRealizzazione, tipo, espostaInSala) VALUES (299, 36, 'Opera 299', 2006, 1988, 'Scultura', 9);
INSERT INTO Opera (codice, autore, titolo, annoAcquisto, annoRealizzazione, tipo, espostaInSala) VALUES (300, 41, 'Opera 300', 1983, 1964, 'Quadro', 14);
INSERT INTO Opera (codice, autore, titolo, annoAcquisto, annoRealizzazione, tipo, espostaInSala) VALUES (301, 34, 'Opera 301', 1990, 1742, 'Scultura', 10);
INSERT INTO Opera (codice, autore, titolo, annoAcquisto, annoRealizzazione, tipo, espostaInSala) VALUES (302, 24, 'Opera 302', 1985, 1938, 'Quadro', 1);
INSERT INTO Opera (codice, autore, titolo, annoAcquisto, annoRealizzazione, tipo, espostaInSala) VALUES (303, 3, 'Opera 303', 2021, 2015, 'Scultura', 6);
INSERT INTO Opera (codice, autore, titolo, annoAcquisto, annoRealizzazione, tipo, espostaInSala) VALUES (304, 40, 'Opera 304', 2014, 1981, 'Quadro', 13);
INSERT INTO Opera (codice, autore, titolo, annoAcquisto, annoRealizzazione, tipo, espostaInSala) VALUES (305, 80, 'Opera 305', 1998, 1996, 'Scultura', 20);
INSERT INTO Opera (codice, autore, titolo, annoAcquisto, annoRealizzazione, tipo, espostaInSala) VALUES (306, 22, 'Opera 306', 1941, 1764, 'Scultura', 15);
INSERT INTO Opera (codice, autore, titolo, annoAcquisto, annoRealizzazione, tipo, espostaInSala) VALUES (307, 46, 'Opera 307', 1852, 1808, 'Quadro', 17);
INSERT INTO Opera (codice, autore, titolo, annoAcquisto, annoRealizzazione, tipo, espostaInSala) VALUES (308, 2, 'Opera 308', 1956, 1911, 'Quadro', NULL);
INSERT INTO Opera (codice, autore, titolo, annoAcquisto, annoRealizzazione, tipo, espostaInSala) VALUES (309, 30, 'Opera 309', 1979, 1854, 'Scultura', 1);
INSERT INTO Opera (codice, autore, titolo, annoAcquisto, annoRealizzazione, tipo, espostaInSala) VALUES (310, 30, 'Opera 310', 2022, 2018, 'Quadro', 18);
INSERT INTO Opera (codice, autore, titolo, annoAcquisto, annoRealizzazione, tipo, espostaInSala) VALUES (311, 76, 'Opera 311', 1835, 1787, 'Scultura', 16);
INSERT INTO Opera (codice, autore, titolo, annoAcquisto, annoRealizzazione, tipo, espostaInSala) VALUES (312, 77, 'Opera 312', 1832, 1799, 'Quadro', NULL);
INSERT INTO Opera (codice, autore, titolo, annoAcquisto, annoRealizzazione, tipo, espostaInSala) VALUES (313, 29, 'Opera 313', 2024, 2012, 'Quadro', 15);
INSERT INTO Opera (codice, autore, titolo, annoAcquisto, annoRealizzazione, tipo, espostaInSala) VALUES (314, 45, 'Opera 314', 1955, 1932, 'Quadro', 2);
INSERT INTO Opera (codice, autore, titolo, annoAcquisto, annoRealizzazione, tipo, espostaInSala) VALUES (315, 49, 'Opera 315', 1932, 1778, 'Quadro', 14);
INSERT INTO Opera (codice, autore, titolo, annoAcquisto, annoRealizzazione, tipo, espostaInSala) VALUES (316, 12, 'Opera 316', 1984, 1900, 'Quadro', NULL);
INSERT INTO Opera (codice, autore, titolo, annoAcquisto, annoRealizzazione, tipo, espostaInSala) VALUES (317, 36, 'Opera 317', 2013, 1959, 'Quadro', 16);
INSERT INTO Opera (codice, autore, titolo, annoAcquisto, annoRealizzazione, tipo, espostaInSala) VALUES (318, 68, 'Opera 318', 1822, 1774, 'Quadro', 2);
INSERT INTO Opera (codice, autore, titolo, annoAcquisto, annoRealizzazione, tipo, espostaInSala) VALUES (319, 29, 'Opera 319', 2021, 2021, 'Quadro', 12);
INSERT INTO Opera (codice, autore, titolo, annoAcquisto, annoRealizzazione, tipo, espostaInSala) VALUES (320, 73, 'Opera 320', 2022, 1980, 'Quadro', 14);
INSERT INTO Opera (codice, autore, titolo, annoAcquisto, annoRealizzazione, tipo, espostaInSala) VALUES (321, 70, 'Opera 321', 1998, 1983, 'Quadro', 8);
INSERT INTO Opera (codice, autore, titolo, annoAcquisto, annoRealizzazione, tipo, espostaInSala) VALUES (322, 35, 'Opera 322', 2019, 1995, 'Quadro', 1);
INSERT INTO Opera (codice, autore, titolo, annoAcquisto, annoRealizzazione, tipo, espostaInSala) VALUES (323, 72, 'Opera 323', 1762, 1738, 'Quadro', 19);
INSERT INTO Opera (codice, autore, titolo, annoAcquisto, annoRealizzazione, tipo, espostaInSala) VALUES (324, 30, 'Opera 324', 2019, 1955, 'Quadro', 14);
INSERT INTO Opera (codice, autore, titolo, annoAcquisto, annoRealizzazione, tipo, espostaInSala) VALUES (325, 39, 'Opera 325', 2021, 1864, 'Quadro', 4);
INSERT INTO Opera (codice, autore, titolo, annoAcquisto, annoRealizzazione, tipo, espostaInSala) VALUES (326, 19, 'Opera 326', 1908, 1724, 'Quadro', 2);
INSERT INTO Opera (codice, autore, titolo, annoAcquisto, annoRealizzazione, tipo, espostaInSala) VALUES (327, 35, 'Opera 327', 2001, 1990, 'Quadro', 10);
INSERT INTO Opera (codice, autore, titolo, annoAcquisto, annoRealizzazione, tipo, espostaInSala) VALUES (328, 7, 'Opera 328', 1818, 1803, 'Scultura', 13);
INSERT INTO Opera (codice, autore, titolo, annoAcquisto, annoRealizzazione, tipo, espostaInSala) VALUES (329, 49, 'Opera 329', 1838, 1798, 'Quadro', 8);
INSERT INTO Opera (codice, autore, titolo, annoAcquisto, annoRealizzazione, tipo, espostaInSala) VALUES (330, 32, 'Opera 330', 1990, 1769, 'Quadro', 15);
INSERT INTO Opera (codice, autore, titolo, annoAcquisto, annoRealizzazione, tipo, espostaInSala) VALUES (331, 41, 'Opera 331', 2024, 1958, 'Scultura', NULL);
INSERT INTO Opera (codice, autore, titolo, annoAcquisto, annoRealizzazione, tipo, espostaInSala) VALUES (332, 38, 'Opera 332', 1961, 1915, 'Scultura', NULL);
INSERT INTO Opera (codice, autore, titolo, annoAcquisto, annoRealizzazione, tipo, espostaInSala) VALUES (333, 52, 'Opera 333', 1944, 1842, 'Scultura', 16);
INSERT INTO Opera (codice, autore, titolo, annoAcquisto, annoRealizzazione, tipo, espostaInSala) VALUES (334, 38, 'Opera 334', 1953, 1804, 'Quadro', 5);
INSERT INTO Opera (codice, autore, titolo, annoAcquisto, annoRealizzazione, tipo, espostaInSala) VALUES (335, 2, 'Opera 335', 2012, 1970, 'Scultura', 16);
INSERT INTO Opera (codice, autore, titolo, annoAcquisto, annoRealizzazione, tipo, espostaInSala) VALUES (336, 57, 'Opera 336', 1980, 1816, 'Quadro', 3);
INSERT INTO Opera (codice, autore, titolo, annoAcquisto, annoRealizzazione, tipo, espostaInSala) VALUES (337, 43, 'Opera 337', 1821, 1778, 'Scultura', NULL);
INSERT INTO Opera (codice, autore, titolo, annoAcquisto, annoRealizzazione, tipo, espostaInSala) VALUES (338, 5, 'Opera 338', 1887, 1738, 'Quadro', 13);
INSERT INTO Opera (codice, autore, titolo, annoAcquisto, annoRealizzazione, tipo, espostaInSala) VALUES (339, 43, 'Opera 339', 1794, 1718, 'Quadro', 17);
INSERT INTO Opera (codice, autore, titolo, annoAcquisto, annoRealizzazione, tipo, espostaInSala) VALUES (340, 76, 'Opera 340', 1905, 1771, 'Scultura', 6);
INSERT INTO Opera (codice, autore, titolo, annoAcquisto, annoRealizzazione, tipo, espostaInSala) VALUES (341, 62, 'Opera 341', 1979, 1862, 'Scultura', 12);
INSERT INTO Opera (codice, autore, titolo, annoAcquisto, annoRealizzazione, tipo, espostaInSala) VALUES (342, 15, 'Opera 342', 2003, 2003, 'Scultura', 15);
INSERT INTO Opera (codice, autore, titolo, annoAcquisto, annoRealizzazione, tipo, espostaInSala) VALUES (343, 69, 'Opera 343', 1992, 1985, 'Scultura', 3);
INSERT INTO Opera (codice, autore, titolo, annoAcquisto, annoRealizzazione, tipo, espostaInSala) VALUES (344, 25, 'Opera 344', 1886, 1719, 'Quadro', 11);
INSERT INTO Opera (codice, autore, titolo, annoAcquisto, annoRealizzazione, tipo, espostaInSala) VALUES (345, 34, 'Opera 345', 1974, 1959, 'Quadro', 9);
INSERT INTO Opera (codice, autore, titolo, annoAcquisto, annoRealizzazione, tipo, espostaInSala) VALUES (346, 24, 'Opera 346', 2025, 1735, 'Scultura', 6);
INSERT INTO Opera (codice, autore, titolo, annoAcquisto, annoRealizzazione, tipo, espostaInSala) VALUES (347, 13, 'Opera 347', 1788, 1780, 'Quadro', 13);
INSERT INTO Opera (codice, autore, titolo, annoAcquisto, annoRealizzazione, tipo, espostaInSala) VALUES (348, 37, 'Opera 348', 1878, 1817, 'Quadro', 18);
INSERT INTO Opera (codice, autore, titolo, annoAcquisto, annoRealizzazione, tipo, espostaInSala) VALUES (349, 60, 'Opera 349', 1807, 1796, 'Quadro', 16);
INSERT INTO Opera (codice, autore, titolo, annoAcquisto, annoRealizzazione, tipo, espostaInSala) VALUES (350, 59, 'Opera 350', 1799, 1750, 'Scultura', 18);
INSERT INTO Opera (codice, autore, titolo, annoAcquisto, annoRealizzazione, tipo, espostaInSala) VALUES (351, 43, 'Opera 351', 1903, 1871, 'Scultura', 16);
INSERT INTO Opera (codice, autore, titolo, annoAcquisto, annoRealizzazione, tipo, espostaInSala) VALUES (352, 24, 'Opera 352', 1871, 1851, 'Quadro', NULL);
INSERT INTO Opera (codice, autore, titolo, annoAcquisto, annoRealizzazione, tipo, espostaInSala) VALUES (353, 58, 'Opera 353', 2015, 1893, 'Quadro', 8);
INSERT INTO Opera (codice, autore, titolo, annoAcquisto, annoRealizzazione, tipo, espostaInSala) VALUES (354, 28, 'Opera 354', 2002, 1994, 'Scultura', 7);
INSERT INTO Opera (codice, autore, titolo, annoAcquisto, annoRealizzazione, tipo, espostaInSala) VALUES (355, 24, 'Opera 355', 2001, 1892, 'Scultura', 13);
INSERT INTO Opera (codice, autore, titolo, annoAcquisto, annoRealizzazione, tipo, espostaInSala) VALUES (356, 61, 'Opera 356', 1978, 1713, 'Quadro', NULL);
INSERT INTO Opera (codice, autore, titolo, annoAcquisto, annoRealizzazione, tipo, espostaInSala) VALUES (357, 18, 'Opera 357', 1834, 1706, 'Quadro', 7);
INSERT INTO Opera (codice, autore, titolo, annoAcquisto, annoRealizzazione, tipo, espostaInSala) VALUES (358, 68, 'Opera 358', 1821, 1780, 'Quadro', 14);
INSERT INTO Opera (codice, autore, titolo, annoAcquisto, annoRealizzazione, tipo, espostaInSala) VALUES (359, 33, 'Opera 359', 1932, 1842, 'Scultura', 9);
INSERT INTO Opera (codice, autore, titolo, annoAcquisto, annoRealizzazione, tipo, espostaInSala) VALUES (360, 4, 'Opera 360', 2019, 1929, 'Scultura', 14);
INSERT INTO Opera (codice, autore, titolo, annoAcquisto, annoRealizzazione, tipo, espostaInSala) VALUES (361, 40, 'Opera 361', 2022, 2000, 'Scultura', 11);
INSERT INTO Opera (codice, autore, titolo, annoAcquisto, annoRealizzazione, tipo, espostaInSala) VALUES (362, 76, 'Opera 362', 2020, 1747, 'Quadro', 5);
INSERT INTO Opera (codice, autore, titolo, annoAcquisto, annoRealizzazione, tipo, espostaInSala) VALUES (363, 49, 'Opera 363', 2002, 2000, 'Quadro', 7);
INSERT INTO Opera (codice, autore, titolo, annoAcquisto, annoRealizzazione, tipo, espostaInSala) VALUES (364, 80, 'Opera 364', 1965, 1861, 'Scultura', 9);
INSERT INTO Opera (codice, autore, titolo, annoAcquisto, annoRealizzazione, tipo, espostaInSala) VALUES (365, 27, 'Opera 365', 1881, 1750, 'Scultura', 8);
INSERT INTO Opera (codice, autore, titolo, annoAcquisto, annoRealizzazione, tipo, espostaInSala) VALUES (366, 4, 'Opera 366', 2021, 1833, 'Quadro', 13);
INSERT INTO Opera (codice, autore, titolo, annoAcquisto, annoRealizzazione, tipo, espostaInSala) VALUES (367, 74, 'Opera 367', 2004, 1988, 'Scultura', 11);
INSERT INTO Opera (codice, autore, titolo, annoAcquisto, annoRealizzazione, tipo, espostaInSala) VALUES (368, 24, 'Opera 368', 1821, 1708, 'Quadro', 1);
INSERT INTO Opera (codice, autore, titolo, annoAcquisto, annoRealizzazione, tipo, espostaInSala) VALUES (369, 52, 'Opera 369', 1992, 1920, 'Scultura', 5);
INSERT INTO Opera (codice, autore, titolo, annoAcquisto, annoRealizzazione, tipo, espostaInSala) VALUES (370, 78, 'Opera 370', 1864, 1864, 'Quadro', 2);
INSERT INTO Opera (codice, autore, titolo, annoAcquisto, annoRealizzazione, tipo, espostaInSala) VALUES (371, 20, 'Opera 371', 1989, 1831, 'Scultura', 13);
INSERT INTO Opera (codice, autore, titolo, annoAcquisto, annoRealizzazione, tipo, espostaInSala) VALUES (372, 41, 'Opera 372', 1834, 1765, 'Scultura', 19);
INSERT INTO Opera (codice, autore, titolo, annoAcquisto, annoRealizzazione, tipo, espostaInSala) VALUES (373, 48, 'Opera 373', 1899, 1823, 'Scultura', 11);
INSERT INTO Opera (codice, autore, titolo, annoAcquisto, annoRealizzazione, tipo, espostaInSala) VALUES (374, 77, 'Opera 374', 1983, 1978, 'Quadro', 4);
INSERT INTO Opera (codice, autore, titolo, annoAcquisto, annoRealizzazione, tipo, espostaInSala) VALUES (375, 16, 'Opera 375', 1976, 1924, 'Scultura', 6);
INSERT INTO Opera (codice, autore, titolo, annoAcquisto, annoRealizzazione, tipo, espostaInSala) VALUES (376, 3, 'Opera 376', 2020, 1975, 'Quadro', 2);
INSERT INTO Opera (codice, autore, titolo, annoAcquisto, annoRealizzazione, tipo, espostaInSala) VALUES (377, 37, 'Opera 377', 2024, 2020, 'Quadro', 15);
INSERT INTO Opera (codice, autore, titolo, annoAcquisto, annoRealizzazione, tipo, espostaInSala) VALUES (378, 74, 'Opera 378', 1936, 1875, 'Scultura', 15);
INSERT INTO Opera (codice, autore, titolo, annoAcquisto, annoRealizzazione, tipo, espostaInSala) VALUES (379, 12, 'Opera 379', 2025, 1981, 'Quadro', 6);
INSERT INTO Opera (codice, autore, titolo, annoAcquisto, annoRealizzazione, tipo, espostaInSala) VALUES (380, 80, 'Opera 380', 1946, 1844, 'Quadro', 17);
INSERT INTO Opera (codice, autore, titolo, annoAcquisto, annoRealizzazione, tipo, espostaInSala) VALUES (381, 21, 'Opera 381', 2001, 1949, 'Quadro', 5);
INSERT INTO Opera (codice, autore, titolo, annoAcquisto, annoRealizzazione, tipo, espostaInSala) VALUES (382, 4, 'Opera 382', 1893, 1765, 'Quadro', 19);
INSERT INTO Opera (codice, autore, titolo, annoAcquisto, annoRealizzazione, tipo, espostaInSala) VALUES (383, 5, 'Opera 383', 1915, 1756, 'Quadro', 8);
INSERT INTO Opera (codice, autore, titolo, annoAcquisto, annoRealizzazione, tipo, espostaInSala) VALUES (384, 68, 'Opera 384', 2008, 1914, 'Scultura', 8);
INSERT INTO Opera (codice, autore, titolo, annoAcquisto, annoRealizzazione, tipo, espostaInSala) VALUES (385, 9, 'Opera 385', 2011, 1935, 'Quadro', 14);
INSERT INTO Opera (codice, autore, titolo, annoAcquisto, annoRealizzazione, tipo, espostaInSala) VALUES (386, 45, 'Opera 386', 1917, 1728, 'Scultura', 1);
INSERT INTO Opera (codice, autore, titolo, annoAcquisto, annoRealizzazione, tipo, espostaInSala) VALUES (387, 3, 'Opera 387', 1933, 1810, 'Scultura', 3);
INSERT INTO Opera (codice, autore, titolo, annoAcquisto, annoRealizzazione, tipo, espostaInSala) VALUES (388, 16, 'Opera 388', 1906, 1846, 'Scultura', 17);
INSERT INTO Opera (codice, autore, titolo, annoAcquisto, annoRealizzazione, tipo, espostaInSala) VALUES (389, 51, 'Opera 389', 1971, 1930, 'Quadro', NULL);
INSERT INTO Opera (codice, autore, titolo, annoAcquisto, annoRealizzazione, tipo, espostaInSala) VALUES (390, 59, 'Opera 390', 2000, 1851, 'Scultura', NULL);
INSERT INTO Opera (codice, autore, titolo, annoAcquisto, annoRealizzazione, tipo, espostaInSala) VALUES (391, 10, 'Opera 391', 2021, 1893, 'Scultura', 14);
INSERT INTO Opera (codice, autore, titolo, annoAcquisto, annoRealizzazione, tipo, espostaInSala) VALUES (392, 28, 'Opera 392', 1908, 1887, 'Quadro', NULL);
INSERT INTO Opera (codice, autore, titolo, annoAcquisto, annoRealizzazione, tipo, espostaInSala) VALUES (393, 14, 'Opera 393', 1821, 1727, 'Quadro', 1);
INSERT INTO Opera (codice, autore, titolo, annoAcquisto, annoRealizzazione, tipo, espostaInSala) VALUES (394, 72, 'Opera 394', 1899, 1860, 'Quadro', 1);
INSERT INTO Opera (codice, autore, titolo, annoAcquisto, annoRealizzazione, tipo, espostaInSala) VALUES (395, 13, 'Opera 395', 2011, 1999, 'Quadro', 14);
INSERT INTO Opera (codice, autore, titolo, annoAcquisto, annoRealizzazione, tipo, espostaInSala) VALUES (396, 78, 'Opera 396', 1991, 1956, 'Quadro', 4);
INSERT INTO Opera (codice, autore, titolo, annoAcquisto, annoRealizzazione, tipo, espostaInSala) VALUES (397, 7, 'Opera 397', 1994, 1879, 'Scultura', 18);
INSERT INTO Opera (codice, autore, titolo, annoAcquisto, annoRealizzazione, tipo, espostaInSala) VALUES (398, 43, 'Opera 398', 2021, 1792, 'Scultura', 11);
INSERT INTO Opera (codice, autore, titolo, annoAcquisto, annoRealizzazione, tipo, espostaInSala) VALUES (399, 59, 'Opera 399', 1974, 1752, 'Scultura', 16);
INSERT INTO Opera (codice, autore, titolo, annoAcquisto, annoRealizzazione, tipo, espostaInSala) VALUES (400, 7, 'Opera 400', 1850, 1814, 'Scultura', 19);
INSERT INTO Opera (codice, autore, titolo, annoAcquisto, annoRealizzazione, tipo, espostaInSala) VALUES (401, 72, 'Opera 401', 2009, 1889, 'Scultura', 15);
INSERT INTO Opera (codice, autore, titolo, annoAcquisto, annoRealizzazione, tipo, espostaInSala) VALUES (402, 76, 'Opera 402', 1892, 1767, 'Quadro', 10);
INSERT INTO Opera (codice, autore, titolo, annoAcquisto, annoRealizzazione, tipo, espostaInSala) VALUES (403, 37, 'Opera 403', 1961, 1781, 'Scultura', NULL);
INSERT INTO Opera (codice, autore, titolo, annoAcquisto, annoRealizzazione, tipo, espostaInSala) VALUES (404, 77, 'Opera 404', 2018, 1706, 'Scultura', 20);
INSERT INTO Opera (codice, autore, titolo, annoAcquisto, annoRealizzazione, tipo, espostaInSala) VALUES (405, 8, 'Opera 405', 1722, 1707, 'Quadro', 11);
INSERT INTO Opera (codice, autore, titolo, annoAcquisto, annoRealizzazione, tipo, espostaInSala) VALUES (406, 41, 'Opera 406', 1966, 1826, 'Quadro', 13);
INSERT INTO Opera (codice, autore, titolo, annoAcquisto, annoRealizzazione, tipo, espostaInSala) VALUES (407, 35, 'Opera 407', 1924, 1756, 'Scultura', NULL);
INSERT INTO Opera (codice, autore, titolo, annoAcquisto, annoRealizzazione, tipo, espostaInSala) VALUES (408, 54, 'Opera 408', 1777, 1716, 'Scultura', 20);
INSERT INTO Opera (codice, autore, titolo, annoAcquisto, annoRealizzazione, tipo, espostaInSala) VALUES (409, 14, 'Opera 409', 2016, 1936, 'Quadro', 11);
INSERT INTO Opera (codice, autore, titolo, annoAcquisto, annoRealizzazione, tipo, espostaInSala) VALUES (410, 65, 'Opera 410', 1877, 1871, 'Quadro', 16);
INSERT INTO Opera (codice, autore, titolo, annoAcquisto, annoRealizzazione, tipo, espostaInSala) VALUES (411, 33, 'Opera 411', 1988, 1967, 'Quadro', 20);
INSERT INTO Opera (codice, autore, titolo, annoAcquisto, annoRealizzazione, tipo, espostaInSala) VALUES (412, 5, 'Opera 412', 2018, 2015, 'Quadro', 10);
INSERT INTO Opera (codice, autore, titolo, annoAcquisto, annoRealizzazione, tipo, espostaInSala) VALUES (413, 30, 'Opera 413', 2010, 2009, 'Quadro', 5);
INSERT INTO Opera (codice, autore, titolo, annoAcquisto, annoRealizzazione, tipo, espostaInSala) VALUES (414, 50, 'Opera 414', 2014, 1989, 'Scultura', 8);
INSERT INTO Opera (codice, autore, titolo, annoAcquisto, annoRealizzazione, tipo, espostaInSala) VALUES (415, 73, 'Opera 415', 2013, 1793, 'Quadro', 15);
INSERT INTO Opera (codice, autore, titolo, annoAcquisto, annoRealizzazione, tipo, espostaInSala) VALUES (416, 72, 'Opera 416', 1980, 1714, 'Scultura', 9);
INSERT INTO Opera (codice, autore, titolo, annoAcquisto, annoRealizzazione, tipo, espostaInSala) VALUES (417, 60, 'Opera 417', 2009, 1765, 'Quadro', 1);
INSERT INTO Opera (codice, autore, titolo, annoAcquisto, annoRealizzazione, tipo, espostaInSala) VALUES (418, 71, 'Opera 418', 1963, 1931, 'Quadro', 4);
INSERT INTO Opera (codice, autore, titolo, annoAcquisto, annoRealizzazione, tipo, espostaInSala) VALUES (419, 21, 'Opera 419', 2018, 1990, 'Quadro', 13);
INSERT INTO Opera (codice, autore, titolo, annoAcquisto, annoRealizzazione, tipo, espostaInSala) VALUES (420, 12, 'Opera 420', 1913, 1886, 'Quadro', 12);
INSERT INTO Opera (codice, autore, titolo, annoAcquisto, annoRealizzazione, tipo, espostaInSala) VALUES (421, 26, 'Opera 421', 1898, 1866, 'Scultura', NULL);
INSERT INTO Opera (codice, autore, titolo, annoAcquisto, annoRealizzazione, tipo, espostaInSala) VALUES (422, 62, 'Opera 422', 1894, 1859, 'Quadro', 5);
INSERT INTO Opera (codice, autore, titolo, annoAcquisto, annoRealizzazione, tipo, espostaInSala) VALUES (423, 60, 'Opera 423', 1986, 1986, 'Scultura', 6);
INSERT INTO Opera (codice, autore, titolo, annoAcquisto, annoRealizzazione, tipo, espostaInSala) VALUES (424, 24, 'Opera 424', 1907, 1862, 'Quadro', 6);
INSERT INTO Opera (codice, autore, titolo, annoAcquisto, annoRealizzazione, tipo, espostaInSala) VALUES (425, 68, 'Opera 425', 1996, 1862, 'Scultura', 4);
INSERT INTO Opera (codice, autore, titolo, annoAcquisto, annoRealizzazione, tipo, espostaInSala) VALUES (426, 4, 'Opera 426', 1908, 1868, 'Scultura', 1);
INSERT INTO Opera (codice, autore, titolo, annoAcquisto, annoRealizzazione, tipo, espostaInSala) VALUES (427, 17, 'Opera 427', 1884, 1843, 'Quadro', 13);
INSERT INTO Opera (codice, autore, titolo, annoAcquisto, annoRealizzazione, tipo, espostaInSala) VALUES (428, 54, 'Opera 428', 1925, 1840, 'Scultura', 8);
INSERT INTO Opera (codice, autore, titolo, annoAcquisto, annoRealizzazione, tipo, espostaInSala) VALUES (429, 72, 'Opera 429', 1853, 1747, 'Quadro', 4);
INSERT INTO Opera (codice, autore, titolo, annoAcquisto, annoRealizzazione, tipo, espostaInSala) VALUES (430, 47, 'Opera 430', 1921, 1919, 'Quadro', NULL);
INSERT INTO Opera (codice, autore, titolo, annoAcquisto, annoRealizzazione, tipo, espostaInSala) VALUES (431, 49, 'Opera 431', 2017, 1899, 'Scultura', 14);
INSERT INTO Opera (codice, autore, titolo, annoAcquisto, annoRealizzazione, tipo, espostaInSala) VALUES (432, 33, 'Opera 432', 1881, 1812, 'Quadro', 14);
INSERT INTO Opera (codice, autore, titolo, annoAcquisto, annoRealizzazione, tipo, espostaInSala) VALUES (433, 34, 'Opera 433', 1892, 1881, 'Scultura', 18);
INSERT INTO Opera (codice, autore, titolo, annoAcquisto, annoRealizzazione, tipo, espostaInSala) VALUES (434, 35, 'Opera 434', 1998, 1937, 'Quadro', 18);
INSERT INTO Opera (codice, autore, titolo, annoAcquisto, annoRealizzazione, tipo, espostaInSala) VALUES (435, 64, 'Opera 435', 1991, 1819, 'Scultura', 1);
INSERT INTO Opera (codice, autore, titolo, annoAcquisto, annoRealizzazione, tipo, espostaInSala) VALUES (436, 77, 'Opera 436', 1921, 1903, 'Quadro', 5);
INSERT INTO Opera (codice, autore, titolo, annoAcquisto, annoRealizzazione, tipo, espostaInSala) VALUES (437, 27, 'Opera 437', 2014, 1988, 'Scultura', 18);
INSERT INTO Opera (codice, autore, titolo, annoAcquisto, annoRealizzazione, tipo, espostaInSala) VALUES (438, 74, 'Opera 438', 2021, 2002, 'Quadro', 18);
INSERT INTO Opera (codice, autore, titolo, annoAcquisto, annoRealizzazione, tipo, espostaInSala) VALUES (439, 72, 'Opera 439', 2021, 1951, 'Quadro', 16);
INSERT INTO Opera (codice, autore, titolo, annoAcquisto, annoRealizzazione, tipo, espostaInSala) VALUES (440, 41, 'Opera 440', 1976, 1953, 'Scultura', 5);
INSERT INTO Opera (codice, autore, titolo, annoAcquisto, annoRealizzazione, tipo, espostaInSala) VALUES (441, 48, 'Opera 441', 1963, 1836, 'Scultura', 2);
INSERT INTO Opera (codice, autore, titolo, annoAcquisto, annoRealizzazione, tipo, espostaInSala) VALUES (442, 13, 'Opera 442', 2015, 2010, 'Scultura', 12);
INSERT INTO Opera (codice, autore, titolo, annoAcquisto, annoRealizzazione, tipo, espostaInSala) VALUES (443, 54, 'Opera 443', 1983, 1906, 'Scultura', 6);
INSERT INTO Opera (codice, autore, titolo, annoAcquisto, annoRealizzazione, tipo, espostaInSala) VALUES (444, 28, 'Opera 444', 2023, 1940, 'Quadro', 15);
INSERT INTO Opera (codice, autore, titolo, annoAcquisto, annoRealizzazione, tipo, espostaInSala) VALUES (445, 37, 'Opera 445', 1999, 1951, 'Scultura', 5);
INSERT INTO Opera (codice, autore, titolo, annoAcquisto, annoRealizzazione, tipo, espostaInSala) VALUES (446, 61, 'Opera 446', 1887, 1834, 'Quadro', 14);
INSERT INTO Opera (codice, autore, titolo, annoAcquisto, annoRealizzazione, tipo, espostaInSala) VALUES (447, 56, 'Opera 447', 1872, 1823, 'Scultura', 2);
INSERT INTO Opera (codice, autore, titolo, annoAcquisto, annoRealizzazione, tipo, espostaInSala) VALUES (448, 53, 'Opera 448', 1985, 1983, 'Quadro', 6);
INSERT INTO Opera (codice, autore, titolo, annoAcquisto, annoRealizzazione, tipo, espostaInSala) VALUES (449, 40, 'Opera 449', 1892, 1767, 'Scultura', 18);
INSERT INTO Opera (codice, autore, titolo, annoAcquisto, annoRealizzazione, tipo, espostaInSala) VALUES (450, 42, 'Opera 450', 1947, 1793, 'Scultura', 20);
INSERT INTO Opera (codice, autore, titolo, annoAcquisto, annoRealizzazione, tipo, espostaInSala) VALUES (451, 52, 'Opera 451', 2014, 1980, 'Scultura', 20);
INSERT INTO Opera (codice, autore, titolo, annoAcquisto, annoRealizzazione, tipo, espostaInSala) VALUES (452, 67, 'Opera 452', 1831, 1801, 'Scultura', 2);
INSERT INTO Opera (codice, autore, titolo, annoAcquisto, annoRealizzazione, tipo, espostaInSala) VALUES (453, 68, 'Opera 453', 2001, 1856, 'Scultura', 4);
INSERT INTO Opera (codice, autore, titolo, annoAcquisto, annoRealizzazione, tipo, espostaInSala) VALUES (454, 13, 'Opera 454', 1937, 1931, 'Quadro', 3);
INSERT INTO Opera (codice, autore, titolo, annoAcquisto, annoRealizzazione, tipo, espostaInSala) VALUES (455, 65, 'Opera 455', 2022, 1831, 'Scultura', 17);
INSERT INTO Opera (codice, autore, titolo, annoAcquisto, annoRealizzazione, tipo, espostaInSala) VALUES (456, 4, 'Opera 456', 2013, 1985, 'Scultura', 3);
INSERT INTO Opera (codice, autore, titolo, annoAcquisto, annoRealizzazione, tipo, espostaInSala) VALUES (457, 12, 'Opera 457', 1972, 1962, 'Quadro', 11);
INSERT INTO Opera (codice, autore, titolo, annoAcquisto, annoRealizzazione, tipo, espostaInSala) VALUES (458, 15, 'Opera 458', 1908, 1874, 'Scultura', 20);
INSERT INTO Opera (codice, autore, titolo, annoAcquisto, annoRealizzazione, tipo, espostaInSala) VALUES (459, 19, 'Opera 459', 1854, 1820, 'Quadro', 4);
INSERT INTO Opera (codice, autore, titolo, annoAcquisto, annoRealizzazione, tipo, espostaInSala) VALUES (460, 6, 'Opera 460', 1932, 1919, 'Quadro', NULL);
INSERT INTO Opera (codice, autore, titolo, annoAcquisto, annoRealizzazione, tipo, espostaInSala) VALUES (461, 38, 'Opera 461', 2025, 1934, 'Quadro', 8);
INSERT INTO Opera (codice, autore, titolo, annoAcquisto, annoRealizzazione, tipo, espostaInSala) VALUES (462, 61, 'Opera 462', 2013, 1983, 'Quadro', 20);
INSERT INTO Opera (codice, autore, titolo, annoAcquisto, annoRealizzazione, tipo, espostaInSala) VALUES (463, 11, 'Opera 463', 1930, 1904, 'Quadro', 15);
INSERT INTO Opera (codice, autore, titolo, annoAcquisto, annoRealizzazione, tipo, espostaInSala) VALUES (464, 32, 'Opera 464', 1895, 1829, 'Quadro', 14);
INSERT INTO Opera (codice, autore, titolo, annoAcquisto, annoRealizzazione, tipo, espostaInSala) VALUES (465, 31, 'Opera 465', 2010, 1996, 'Scultura', 1);
INSERT INTO Opera (codice, autore, titolo, annoAcquisto, annoRealizzazione, tipo, espostaInSala) VALUES (466, 42, 'Opera 466', 1979, 1956, 'Quadro', NULL);
INSERT INTO Opera (codice, autore, titolo, annoAcquisto, annoRealizzazione, tipo, espostaInSala) VALUES (467, 2, 'Opera 467', 1966, 1942, 'Scultura', 6);
INSERT INTO Opera (codice, autore, titolo, annoAcquisto, annoRealizzazione, tipo, espostaInSala) VALUES (468, 52, 'Opera 468', 2016, 1973, 'Quadro', 18);
INSERT INTO Opera (codice, autore, titolo, annoAcquisto, annoRealizzazione, tipo, espostaInSala) VALUES (469, 73, 'Opera 469', 2000, 1988, 'Quadro', 9);
INSERT INTO Opera (codice, autore, titolo, annoAcquisto, annoRealizzazione, tipo, espostaInSala) VALUES (470, 56, 'Opera 470', 2001, 1972, 'Scultura', 9);
INSERT INTO Opera (codice, autore, titolo, annoAcquisto, annoRealizzazione, tipo, espostaInSala) VALUES (471, 56, 'Opera 471', 2013, 2013, 'Scultura', 19);
INSERT INTO Opera (codice, autore, titolo, annoAcquisto, annoRealizzazione, tipo, espostaInSala) VALUES (472, 13, 'Opera 472', 1984, 1945, 'Quadro', 1);
INSERT INTO Opera (codice, autore, titolo, annoAcquisto, annoRealizzazione, tipo, espostaInSala) VALUES (473, 76, 'Opera 473', 1984, 1854, 'Scultura', 1);
INSERT INTO Opera (codice, autore, titolo, annoAcquisto, annoRealizzazione, tipo, espostaInSala) VALUES (474, 11, 'Opera 474', 1997, 1966, 'Scultura', 18);
INSERT INTO Opera (codice, autore, titolo, annoAcquisto, annoRealizzazione, tipo, espostaInSala) VALUES (475, 18, 'Opera 475', 1997, 1927, 'Scultura', 3);
INSERT INTO Opera (codice, autore, titolo, annoAcquisto, annoRealizzazione, tipo, espostaInSala) VALUES (476, 50, 'Opera 476', 1782, 1721, 'Scultura', 4);
INSERT INTO Opera (codice, autore, titolo, annoAcquisto, annoRealizzazione, tipo, espostaInSala) VALUES (477, 39, 'Opera 477', 1983, 1827, 'Scultura', 13);
INSERT INTO Opera (codice, autore, titolo, annoAcquisto, annoRealizzazione, tipo, espostaInSala) VALUES (478, 14, 'Opera 478', 1877, 1748, 'Scultura', 8);
INSERT INTO Opera (codice, autore, titolo, annoAcquisto, annoRealizzazione, tipo, espostaInSala) VALUES (479, 13, 'Opera 479', 1807, 1776, 'Quadro', 20);
INSERT INTO Opera (codice, autore, titolo, annoAcquisto, annoRealizzazione, tipo, espostaInSala) VALUES (480, 23, 'Opera 480', 1994, 1889, 'Quadro', 15);
INSERT INTO Opera (codice, autore, titolo, annoAcquisto, annoRealizzazione, tipo, espostaInSala) VALUES (481, 7, 'Opera 481', 1966, 1952, 'Scultura', 14);
INSERT INTO Opera (codice, autore, titolo, annoAcquisto, annoRealizzazione, tipo, espostaInSala) VALUES (482, 64, 'Opera 482', 1989, 1942, 'Scultura', 11);
INSERT INTO Opera (codice, autore, titolo, annoAcquisto, annoRealizzazione, tipo, espostaInSala) VALUES (483, 20, 'Opera 483', 1990, 1707, 'Quadro', 6);
INSERT INTO Opera (codice, autore, titolo, annoAcquisto, annoRealizzazione, tipo, espostaInSala) VALUES (484, 58, 'Opera 484', 1992, 1750, 'Quadro', 4);
INSERT INTO Opera (codice, autore, titolo, annoAcquisto, annoRealizzazione, tipo, espostaInSala) VALUES (485, 29, 'Opera 485', 1917, 1780, 'Quadro', 7);
INSERT INTO Opera (codice, autore, titolo, annoAcquisto, annoRealizzazione, tipo, espostaInSala) VALUES (486, 77, 'Opera 486', 1858, 1769, 'Quadro', 13);
INSERT INTO Opera (codice, autore, titolo, annoAcquisto, annoRealizzazione, tipo, espostaInSala) VALUES (487, 33, 'Opera 487', 2019, 1982, 'Quadro', NULL);
INSERT INTO Opera (codice, autore, titolo, annoAcquisto, annoRealizzazione, tipo, espostaInSala) VALUES (488, 5, 'Opera 488', 1832, 1730, 'Quadro', 15);
INSERT INTO Opera (codice, autore, titolo, annoAcquisto, annoRealizzazione, tipo, espostaInSala) VALUES (489, 69, 'Opera 489', 2022, 2022, 'Quadro', 8);
INSERT INTO Opera (codice, autore, titolo, annoAcquisto, annoRealizzazione, tipo, espostaInSala) VALUES (490, 52, 'Opera 490', 1893, 1838, 'Quadro', 13);
INSERT INTO Opera (codice, autore, titolo, annoAcquisto, annoRealizzazione, tipo, espostaInSala) VALUES (491, 24, 'Opera 491', 1927, 1847, 'Scultura', 13);
INSERT INTO Opera (codice, autore, titolo, annoAcquisto, annoRealizzazione, tipo, espostaInSala) VALUES (492, 29, 'Opera 492', 2008, 1804, 'Scultura', 6);
INSERT INTO Opera (codice, autore, titolo, annoAcquisto, annoRealizzazione, tipo, espostaInSala) VALUES (493, 18, 'Opera 493', 2017, 2008, 'Quadro', 8);
INSERT INTO Opera (codice, autore, titolo, annoAcquisto, annoRealizzazione, tipo, espostaInSala) VALUES (494, 60, 'Opera 494', 1934, 1807, 'Quadro', 17);
INSERT INTO Opera (codice, autore, titolo, annoAcquisto, annoRealizzazione, tipo, espostaInSala) VALUES (495, 13, 'Opera 495', 1974, 1804, 'Scultura', 9);
INSERT INTO Opera (codice, autore, titolo, annoAcquisto, annoRealizzazione, tipo, espostaInSala) VALUES (496, 2, 'Opera 496', 1997, 1977, 'Scultura', 11);
INSERT INTO Opera (codice, autore, titolo, annoAcquisto, annoRealizzazione, tipo, espostaInSala) VALUES (497, 72, 'Opera 497', 2011, 1994, 'Scultura', 18);
INSERT INTO Opera (codice, autore, titolo, annoAcquisto, annoRealizzazione, tipo, espostaInSala) VALUES (498, 7, 'Opera 498', 2022, 2018, 'Quadro', 5);
INSERT INTO Opera (codice, autore, titolo, annoAcquisto, annoRealizzazione, tipo, espostaInSala) VALUES (499, 33, 'Opera 499', 1873, 1825, 'Quadro', 15);
INSERT INTO Opera (codice, autore, titolo, annoAcquisto, annoRealizzazione, tipo, espostaInSala) VALUES (500, 61, 'Opera 500', 1808, 1794, 'Quadro', 11);
INSERT INTO Opera (codice, autore, titolo, annoAcquisto, annoRealizzazione, tipo, espostaInSala) VALUES (501, 70, 'Opera 501', 1956, 1887, 'Quadro', 19);
INSERT INTO Opera (codice, autore, titolo, annoAcquisto, annoRealizzazione, tipo, espostaInSala) VALUES (502, 53, 'Opera 502', 1865, 1779, 'Scultura', 10);
INSERT INTO Opera (codice, autore, titolo, annoAcquisto, annoRealizzazione, tipo, espostaInSala) VALUES (503, 33, 'Opera 503', 1934, 1912, 'Quadro', 6);
INSERT INTO Opera (codice, autore, titolo, annoAcquisto, annoRealizzazione, tipo, espostaInSala) VALUES (504, 47, 'Opera 504', 1962, 1947, 'Scultura', 3);
INSERT INTO Opera (codice, autore, titolo, annoAcquisto, annoRealizzazione, tipo, espostaInSala) VALUES (505, 20, 'Opera 505', 1853, 1726, 'Scultura', 14);
INSERT INTO Opera (codice, autore, titolo, annoAcquisto, annoRealizzazione, tipo, espostaInSala) VALUES (506, 19, 'Opera 506', 2008, 1943, 'Scultura', 3);
INSERT INTO Opera (codice, autore, titolo, annoAcquisto, annoRealizzazione, tipo, espostaInSala) VALUES (507, 14, 'Opera 507', 1999, 1930, 'Quadro', NULL);
INSERT INTO Opera (codice, autore, titolo, annoAcquisto, annoRealizzazione, tipo, espostaInSala) VALUES (508, 5, 'Opera 508', 1832, 1756, 'Quadro', 7);
INSERT INTO Opera (codice, autore, titolo, annoAcquisto, annoRealizzazione, tipo, espostaInSala) VALUES (509, 66, 'Opera 509', 1860, 1819, 'Scultura', 3);
INSERT INTO Opera (codice, autore, titolo, annoAcquisto, annoRealizzazione, tipo, espostaInSala) VALUES (510, 70, 'Opera 510', 2019, 1967, 'Quadro', 2);
INSERT INTO Opera (codice, autore, titolo, annoAcquisto, annoRealizzazione, tipo, espostaInSala) VALUES (511, 75, 'Opera 511', 1999, 1989, 'Scultura', 3);
INSERT INTO Opera (codice, autore, titolo, annoAcquisto, annoRealizzazione, tipo, espostaInSala) VALUES (512, 56, 'Opera 512', 1912, 1907, 'Scultura', 12);
INSERT INTO Opera (codice, autore, titolo, annoAcquisto, annoRealizzazione, tipo, espostaInSala) VALUES (513, 65, 'Opera 513', 2006, 2006, 'Quadro', 4);
INSERT INTO Opera (codice, autore, titolo, annoAcquisto, annoRealizzazione, tipo, espostaInSala) VALUES (514, 41, 'Opera 514', 1959, 1716, 'Quadro', 17);
INSERT INTO Opera (codice, autore, titolo, annoAcquisto, annoRealizzazione, tipo, espostaInSala) VALUES (515, 75, 'Opera 515', 1859, 1855, 'Quadro', 4);
INSERT INTO Opera (codice, autore, titolo, annoAcquisto, annoRealizzazione, tipo, espostaInSala) VALUES (516, 67, 'Opera 516', 1914, 1723, 'Quadro', 14);
INSERT INTO Opera (codice, autore, titolo, annoAcquisto, annoRealizzazione, tipo, espostaInSala) VALUES (517, 58, 'Opera 517', 1972, 1968, 'Quadro', 15);
INSERT INTO Opera (codice, autore, titolo, annoAcquisto, annoRealizzazione, tipo, espostaInSala) VALUES (518, 58, 'Opera 518', 1920, 1898, 'Scultura', 19);
INSERT INTO Opera (codice, autore, titolo, annoAcquisto, annoRealizzazione, tipo, espostaInSala) VALUES (519, 35, 'Opera 519', 2004, 1974, 'Quadro', 18);
INSERT INTO Opera (codice, autore, titolo, annoAcquisto, annoRealizzazione, tipo, espostaInSala) VALUES (520, 67, 'Opera 520', 1940, 1781, 'Scultura', 5);
INSERT INTO Opera (codice, autore, titolo, annoAcquisto, annoRealizzazione, tipo, espostaInSala) VALUES (521, 71, 'Opera 521', 1882, 1786, 'Quadro', 20);
INSERT INTO Opera (codice, autore, titolo, annoAcquisto, annoRealizzazione, tipo, espostaInSala) VALUES (522, 39, 'Opera 522', 1948, 1715, 'Quadro', 14);
INSERT INTO Opera (codice, autore, titolo, annoAcquisto, annoRealizzazione, tipo, espostaInSala) VALUES (523, 77, 'Opera 523', 2024, 2021, 'Scultura', 15);
INSERT INTO Opera (codice, autore, titolo, annoAcquisto, annoRealizzazione, tipo, espostaInSala) VALUES (524, 57, 'Opera 524', 1949, 1875, 'Quadro', 15);
INSERT INTO Opera (codice, autore, titolo, annoAcquisto, annoRealizzazione, tipo, espostaInSala) VALUES (525, 10, 'Opera 525', 1949, 1926, 'Quadro', 2);
INSERT INTO Opera (codice, autore, titolo, annoAcquisto, annoRealizzazione, tipo, espostaInSala) VALUES (526, 68, 'Opera 526', 1981, 1953, 'Quadro', 2);
INSERT INTO Opera (codice, autore, titolo, annoAcquisto, annoRealizzazione, tipo, espostaInSala) VALUES (527, 5, 'Opera 527', 1848, 1838, 'Quadro', 16);
INSERT INTO Opera (codice, autore, titolo, annoAcquisto, annoRealizzazione, tipo, espostaInSala) VALUES (528, 57, 'Opera 528', 1979, 1976, 'Quadro', 12);
INSERT INTO Opera (codice, autore, titolo, annoAcquisto, annoRealizzazione, tipo, espostaInSala) VALUES (529, 13, 'Opera 529', 2012, 1827, 'Scultura', 1);
INSERT INTO Opera (codice, autore, titolo, annoAcquisto, annoRealizzazione, tipo, espostaInSala) VALUES (530, 9, 'Opera 530', 2021, 2015, 'Scultura', 10);
INSERT INTO Opera (codice, autore, titolo, annoAcquisto, annoRealizzazione, tipo, espostaInSala) VALUES (531, 65, 'Opera 531', 2012, 1852, 'Quadro', 16);
INSERT INTO Opera (codice, autore, titolo, annoAcquisto, annoRealizzazione, tipo, espostaInSala) VALUES (532, 12, 'Opera 532', 1969, 1885, 'Scultura', 4);
INSERT INTO Opera (codice, autore, titolo, annoAcquisto, annoRealizzazione, tipo, espostaInSala) VALUES (533, 23, 'Opera 533', 1892, 1857, 'Scultura', 14);
INSERT INTO Opera (codice, autore, titolo, annoAcquisto, annoRealizzazione, tipo, espostaInSala) VALUES (534, 66, 'Opera 534', 2018, 2007, 'Scultura', 11);
INSERT INTO Opera (codice, autore, titolo, annoAcquisto, annoRealizzazione, tipo, espostaInSala) VALUES (535, 15, 'Opera 535', 2013, 1992, 'Quadro', 16);
INSERT INTO Opera (codice, autore, titolo, annoAcquisto, annoRealizzazione, tipo, espostaInSala) VALUES (536, 2, 'Opera 536', 1973, 1745, 'Quadro', 11);
INSERT INTO Opera (codice, autore, titolo, annoAcquisto, annoRealizzazione, tipo, espostaInSala) VALUES (537, 6, 'Opera 537', 2016, 1926, 'Quadro', 20);
INSERT INTO Opera (codice, autore, titolo, annoAcquisto, annoRealizzazione, tipo, espostaInSala) VALUES (538, 36, 'Opera 538', 1762, 1729, 'Scultura', 17);
INSERT INTO Opera (codice, autore, titolo, annoAcquisto, annoRealizzazione, tipo, espostaInSala) VALUES (539, 50, 'Opera 539', 1989, 1980, 'Quadro', 9);
INSERT INTO Opera (codice, autore, titolo, annoAcquisto, annoRealizzazione, tipo, espostaInSala) VALUES (540, 34, 'Opera 540', 1808, 1773, 'Quadro', 9);
INSERT INTO Opera (codice, autore, titolo, annoAcquisto, annoRealizzazione, tipo, espostaInSala) VALUES (541, 5, 'Opera 541', 1771, 1715, 'Quadro', 7);
INSERT INTO Opera (codice, autore, titolo, annoAcquisto, annoRealizzazione, tipo, espostaInSala) VALUES (542, 25, 'Opera 542', 1952, 1827, 'Quadro', 18);
INSERT INTO Opera (codice, autore, titolo, annoAcquisto, annoRealizzazione, tipo, espostaInSala) VALUES (543, 47, 'Opera 543', 1951, 1912, 'Scultura', 5);
INSERT INTO Opera (codice, autore, titolo, annoAcquisto, annoRealizzazione, tipo, espostaInSala) VALUES (544, 54, 'Opera 544', 1880, 1858, 'Scultura', 10);
INSERT INTO Opera (codice, autore, titolo, annoAcquisto, annoRealizzazione, tipo, espostaInSala) VALUES (545, 72, 'Opera 545', 1883, 1854, 'Scultura', 6);
INSERT INTO Opera (codice, autore, titolo, annoAcquisto, annoRealizzazione, tipo, espostaInSala) VALUES (546, 59, 'Opera 546', 1998, 1831, 'Quadro', 11);
INSERT INTO Opera (codice, autore, titolo, annoAcquisto, annoRealizzazione, tipo, espostaInSala) VALUES (547, 49, 'Opera 547', 1941, 1931, 'Scultura', 7);
INSERT INTO Opera (codice, autore, titolo, annoAcquisto, annoRealizzazione, tipo, espostaInSala) VALUES (548, 42, 'Opera 548', 1840, 1738, 'Quadro', NULL);
INSERT INTO Opera (codice, autore, titolo, annoAcquisto, annoRealizzazione, tipo, espostaInSala) VALUES (549, 53, 'Opera 549', 2009, 1978, 'Quadro', 19);
INSERT INTO Opera (codice, autore, titolo, annoAcquisto, annoRealizzazione, tipo, espostaInSala) VALUES (550, 56, 'Opera 550', 2024, 2023, 'Scultura', 12);
INSERT INTO Opera (codice, autore, titolo, annoAcquisto, annoRealizzazione, tipo, espostaInSala) VALUES (551, 68, 'Opera 551', 1962, 1795, 'Scultura', 16);
INSERT INTO Opera (codice, autore, titolo, annoAcquisto, annoRealizzazione, tipo, espostaInSala) VALUES (552, 78, 'Opera 552', 1738, 1730, 'Quadro', 2);
INSERT INTO Opera (codice, autore, titolo, annoAcquisto, annoRealizzazione, tipo, espostaInSala) VALUES (553, 42, 'Opera 553', 1916, 1872, 'Scultura', 14);
INSERT INTO Opera (codice, autore, titolo, annoAcquisto, annoRealizzazione, tipo, espostaInSala) VALUES (554, 11, 'Opera 554', 1935, 1863, 'Quadro', 16);
INSERT INTO Opera (codice, autore, titolo, annoAcquisto, annoRealizzazione, tipo, espostaInSala) VALUES (555, 55, 'Opera 555', 1835, 1778, 'Scultura', 19);
INSERT INTO Opera (codice, autore, titolo, annoAcquisto, annoRealizzazione, tipo, espostaInSala) VALUES (556, 61, 'Opera 556', 2005, 1962, 'Quadro', 1);
INSERT INTO Opera (codice, autore, titolo, annoAcquisto, annoRealizzazione, tipo, espostaInSala) VALUES (557, 8, 'Opera 557', 2011, 1837, 'Scultura', 3);
INSERT INTO Opera (codice, autore, titolo, annoAcquisto, annoRealizzazione, tipo, espostaInSala) VALUES (558, 33, 'Opera 558', 2021, 2019, 'Scultura', 9);
INSERT INTO Opera (codice, autore, titolo, annoAcquisto, annoRealizzazione, tipo, espostaInSala) VALUES (559, 45, 'Opera 559', 1993, 1978, 'Quadro', 3);
INSERT INTO Opera (codice, autore, titolo, annoAcquisto, annoRealizzazione, tipo, espostaInSala) VALUES (560, 50, 'Opera 560', 2023, 1866, 'Quadro', 19);
INSERT INTO Opera (codice, autore, titolo, annoAcquisto, annoRealizzazione, tipo, espostaInSala) VALUES (561, 30, 'Opera 561', 1954, 1853, 'Quadro', NULL);
INSERT INTO Opera (codice, autore, titolo, annoAcquisto, annoRealizzazione, tipo, espostaInSala) VALUES (562, 43, 'Opera 562', 2024, 1979, 'Quadro', 9);
INSERT INTO Opera (codice, autore, titolo, annoAcquisto, annoRealizzazione, tipo, espostaInSala) VALUES (563, 30, 'Opera 563', 2000, 2000, 'Scultura', 5);
INSERT INTO Opera (codice, autore, titolo, annoAcquisto, annoRealizzazione, tipo, espostaInSala) VALUES (564, 8, 'Opera 564', 1994, 1985, 'Scultura', 12);
INSERT INTO Opera (codice, autore, titolo, annoAcquisto, annoRealizzazione, tipo, espostaInSala) VALUES (565, 56, 'Opera 565', 1791, 1772, 'Scultura', 18);
INSERT INTO Opera (codice, autore, titolo, annoAcquisto, annoRealizzazione, tipo, espostaInSala) VALUES (566, 68, 'Opera 566', 2025, 2019, 'Quadro', 18);
INSERT INTO Opera (codice, autore, titolo, annoAcquisto, annoRealizzazione, tipo, espostaInSala) VALUES (567, 31, 'Opera 567', 1925, 1857, 'Quadro', 19);
INSERT INTO Opera (codice, autore, titolo, annoAcquisto, annoRealizzazione, tipo, espostaInSala) VALUES (568, 7, 'Opera 568', 1967, 1837, 'Scultura', 2);
INSERT INTO Opera (codice, autore, titolo, annoAcquisto, annoRealizzazione, tipo, espostaInSala) VALUES (569, 67, 'Opera 569', 2008, 1996, 'Quadro', 14);
INSERT INTO Opera (codice, autore, titolo, annoAcquisto, annoRealizzazione, tipo, espostaInSala) VALUES (570, 63, 'Opera 570', 2015, 2012, 'Scultura', 11);
INSERT INTO Opera (codice, autore, titolo, annoAcquisto, annoRealizzazione, tipo, espostaInSala) VALUES (571, 44, 'Opera 571', 1985, 1921, 'Quadro', 19);
INSERT INTO Opera (codice, autore, titolo, annoAcquisto, annoRealizzazione, tipo, espostaInSala) VALUES (572, 5, 'Opera 572', 1763, 1724, 'Scultura', 1);
INSERT INTO Opera (codice, autore, titolo, annoAcquisto, annoRealizzazione, tipo, espostaInSala) VALUES (573, 11, 'Opera 573', 1769, 1768, 'Quadro', 10);
INSERT INTO Opera (codice, autore, titolo, annoAcquisto, annoRealizzazione, tipo, espostaInSala) VALUES (574, 11, 'Opera 574', 1900, 1854, 'Scultura', 13);
INSERT INTO Opera (codice, autore, titolo, annoAcquisto, annoRealizzazione, tipo, espostaInSala) VALUES (575, 64, 'Opera 575', 1929, 1892, 'Scultura', 20);
INSERT INTO Opera (codice, autore, titolo, annoAcquisto, annoRealizzazione, tipo, espostaInSala) VALUES (576, 71, 'Opera 576', 2015, 2004, 'Quadro', 11);
INSERT INTO Opera (codice, autore, titolo, annoAcquisto, annoRealizzazione, tipo, espostaInSala) VALUES (577, 40, 'Opera 577', 1937, 1932, 'Scultura', NULL);
INSERT INTO Opera (codice, autore, titolo, annoAcquisto, annoRealizzazione, tipo, espostaInSala) VALUES (578, 28, 'Opera 578', 2005, 1999, 'Scultura', 15);
INSERT INTO Opera (codice, autore, titolo, annoAcquisto, annoRealizzazione, tipo, espostaInSala) VALUES (579, 26, 'Opera 579', 2018, 1716, 'Scultura', NULL);
INSERT INTO Opera (codice, autore, titolo, annoAcquisto, annoRealizzazione, tipo, espostaInSala) VALUES (580, 32, 'Opera 580', 2023, 1880, 'Quadro', 9);
INSERT INTO Opera (codice, autore, titolo, annoAcquisto, annoRealizzazione, tipo, espostaInSala) VALUES (581, 14, 'Opera 581', 1808, 1794, 'Quadro', 13);
INSERT INTO Opera (codice, autore, titolo, annoAcquisto, annoRealizzazione, tipo, espostaInSala) VALUES (582, 59, 'Opera 582', 2021, 2017, 'Quadro', 20);
INSERT INTO Opera (codice, autore, titolo, annoAcquisto, annoRealizzazione, tipo, espostaInSala) VALUES (583, 20, 'Opera 583', 2025, 1868, 'Scultura', 15);
INSERT INTO Opera (codice, autore, titolo, annoAcquisto, annoRealizzazione, tipo, espostaInSala) VALUES (584, 61, 'Opera 584', 1999, 1825, 'Quadro', 14);
INSERT INTO Opera (codice, autore, titolo, annoAcquisto, annoRealizzazione, tipo, espostaInSala) VALUES (585, 18, 'Opera 585', 2014, 2013, 'Quadro', NULL);
INSERT INTO Opera (codice, autore, titolo, annoAcquisto, annoRealizzazione, tipo, espostaInSala) VALUES (586, 45, 'Opera 586', 1996, 1962, 'Quadro', 8);
INSERT INTO Opera (codice, autore, titolo, annoAcquisto, annoRealizzazione, tipo, espostaInSala) VALUES (587, 45, 'Opera 587', 1788, 1748, 'Quadro', 14);
INSERT INTO Opera (codice, autore, titolo, annoAcquisto, annoRealizzazione, tipo, espostaInSala) VALUES (588, 26, 'Opera 588', 1856, 1778, 'Scultura', 12);
INSERT INTO Opera (codice, autore, titolo, annoAcquisto, annoRealizzazione, tipo, espostaInSala) VALUES (589, 78, 'Opera 589', 1957, 1745, 'Quadro', 1);
INSERT INTO Opera (codice, autore, titolo, annoAcquisto, annoRealizzazione, tipo, espostaInSala) VALUES (590, 36, 'Opera 590', 1902, 1881, 'Quadro', 19);
INSERT INTO Opera (codice, autore, titolo, annoAcquisto, annoRealizzazione, tipo, espostaInSala) VALUES (591, 23, 'Opera 591', 1998, 1983, 'Quadro', 18);
INSERT INTO Opera (codice, autore, titolo, annoAcquisto, annoRealizzazione, tipo, espostaInSala) VALUES (592, 70, 'Opera 592', 1918, 1721, 'Scultura', 2);
INSERT INTO Opera (codice, autore, titolo, annoAcquisto, annoRealizzazione, tipo, espostaInSala) VALUES (593, 5, 'Opera 593', 1943, 1842, 'Quadro', 8);
INSERT INTO Opera (codice, autore, titolo, annoAcquisto, annoRealizzazione, tipo, espostaInSala) VALUES (594, 57, 'Opera 594', 2025, 1935, 'Quadro', 13);
INSERT INTO Opera (codice, autore, titolo, annoAcquisto, annoRealizzazione, tipo, espostaInSala) VALUES (595, 1, 'Opera 595', 2013, 1986, 'Quadro', 2);
INSERT INTO Opera (codice, autore, titolo, annoAcquisto, annoRealizzazione, tipo, espostaInSala) VALUES (596, 10, 'Opera 596', 2021, 2009, 'Scultura', 5);
INSERT INTO Opera (codice, autore, titolo, annoAcquisto, annoRealizzazione, tipo, espostaInSala) VALUES (597, 35, 'Opera 597', 1981, 1954, 'Quadro', 9);
INSERT INTO Opera (codice, autore, titolo, annoAcquisto, annoRealizzazione, tipo, espostaInSala) VALUES (598, 18, 'Opera 598', 1969, 1848, 'Scultura', 20);
INSERT INTO Opera (codice, autore, titolo, annoAcquisto, annoRealizzazione, tipo, espostaInSala) VALUES (599, 63, 'Opera 599', 2020, 1708, 'Quadro', 12);
INSERT INTO Opera (codice, autore, titolo, annoAcquisto, annoRealizzazione, tipo, espostaInSala) VALUES (600, 75, 'Opera 600', 1974, 1727, 'Scultura', 17);
INSERT INTO Opera (codice, autore, titolo, annoAcquisto, annoRealizzazione, tipo, espostaInSala) VALUES (601, 6, 'Opera 601', 1995, 1963, 'Scultura', 1);
INSERT INTO Opera (codice, autore, titolo, annoAcquisto, annoRealizzazione, tipo, espostaInSala) VALUES (602, 1, 'Opera 602', 2000, 1962, 'Quadro', 11);
INSERT INTO Opera (codice, autore, titolo, annoAcquisto, annoRealizzazione, tipo, espostaInSala) VALUES (603, 45, 'Opera 603', 2014, 1981, 'Scultura', 16);
INSERT INTO Opera (codice, autore, titolo, annoAcquisto, annoRealizzazione, tipo, espostaInSala) VALUES (604, 55, 'Opera 604', 1920, 1870, 'Quadro', NULL);
INSERT INTO Opera (codice, autore, titolo, annoAcquisto, annoRealizzazione, tipo, espostaInSala) VALUES (605, 56, 'Opera 605', 1950, 1928, 'Quadro', 16);
INSERT INTO Opera (codice, autore, titolo, annoAcquisto, annoRealizzazione, tipo, espostaInSala) VALUES (606, 55, 'Opera 606', 2013, 1859, 'Scultura', 6);
INSERT INTO Opera (codice, autore, titolo, annoAcquisto, annoRealizzazione, tipo, espostaInSala) VALUES (607, 45, 'Opera 607', 2005, 1935, 'Scultura', 18);
INSERT INTO Opera (codice, autore, titolo, annoAcquisto, annoRealizzazione, tipo, espostaInSala) VALUES (608, 34, 'Opera 608', 1812, 1797, 'Scultura', 19);
INSERT INTO Opera (codice, autore, titolo, annoAcquisto, annoRealizzazione, tipo, espostaInSala) VALUES (609, 35, 'Opera 609', 1985, 1771, 'Scultura', 18);
INSERT INTO Opera (codice, autore, titolo, annoAcquisto, annoRealizzazione, tipo, espostaInSala) VALUES (610, 64, 'Opera 610', 1854, 1802, 'Quadro', 18);
INSERT INTO Opera (codice, autore, titolo, annoAcquisto, annoRealizzazione, tipo, espostaInSala) VALUES (611, 3, 'Opera 611', 2022, 2018, 'Scultura', 3);
INSERT INTO Opera (codice, autore, titolo, annoAcquisto, annoRealizzazione, tipo, espostaInSala) VALUES (612, 62, 'Opera 612', 1964, 1892, 'Quadro', 19);
INSERT INTO Opera (codice, autore, titolo, annoAcquisto, annoRealizzazione, tipo, espostaInSala) VALUES (613, 59, 'Opera 613', 2007, 1940, 'Quadro', 4);
INSERT INTO Opera (codice, autore, titolo, annoAcquisto, annoRealizzazione, tipo, espostaInSala) VALUES (614, 12, 'Opera 614', 2017, 1900, 'Scultura', 20);
INSERT INTO Opera (codice, autore, titolo, annoAcquisto, annoRealizzazione, tipo, espostaInSala) VALUES (615, 7, 'Opera 615', 1903, 1877, 'Scultura', 13);
INSERT INTO Opera (codice, autore, titolo, annoAcquisto, annoRealizzazione, tipo, espostaInSala) VALUES (616, 65, 'Opera 616', 1925, 1896, 'Quadro', 18);
INSERT INTO Opera (codice, autore, titolo, annoAcquisto, annoRealizzazione, tipo, espostaInSala) VALUES (617, 80, 'Opera 617', 1907, 1789, 'Scultura', 19);
INSERT INTO Opera (codice, autore, titolo, annoAcquisto, annoRealizzazione, tipo, espostaInSala) VALUES (618, 26, 'Opera 618', 1954, 1826, 'Quadro', 3);
INSERT INTO Opera (codice, autore, titolo, annoAcquisto, annoRealizzazione, tipo, espostaInSala) VALUES (619, 47, 'Opera 619', 1996, 1993, 'Scultura', 7);
INSERT INTO Opera (codice, autore, titolo, annoAcquisto, annoRealizzazione, tipo, espostaInSala) VALUES (620, 46, 'Opera 620', 1969, 1965, 'Scultura', 3);
INSERT INTO Opera (codice, autore, titolo, annoAcquisto, annoRealizzazione, tipo, espostaInSala) VALUES (621, 60, 'Opera 621', 2017, 1940, 'Quadro', 15);
INSERT INTO Opera (codice, autore, titolo, annoAcquisto, annoRealizzazione, tipo, espostaInSala) VALUES (622, 72, 'Opera 622', 1980, 1796, 'Scultura', 13);
INSERT INTO Opera (codice, autore, titolo, annoAcquisto, annoRealizzazione, tipo, espostaInSala) VALUES (623, 63, 'Opera 623', 2015, 1893, 'Quadro', NULL);
INSERT INTO Opera (codice, autore, titolo, annoAcquisto, annoRealizzazione, tipo, espostaInSala) VALUES (624, 80, 'Opera 624', 1991, 1849, 'Quadro', 20);
INSERT INTO Opera (codice, autore, titolo, annoAcquisto, annoRealizzazione, tipo, espostaInSala) VALUES (625, 1, 'Opera 625', 1971, 1920, 'Quadro', 20);
INSERT INTO Opera (codice, autore, titolo, annoAcquisto, annoRealizzazione, tipo, espostaInSala) VALUES (626, 19, 'Opera 626', 2016, 2009, 'Scultura', 8);
INSERT INTO Opera (codice, autore, titolo, annoAcquisto, annoRealizzazione, tipo, espostaInSala) VALUES (627, 20, 'Opera 627', 1854, 1749, 'Scultura', 19);
INSERT INTO Opera (codice, autore, titolo, annoAcquisto, annoRealizzazione, tipo, espostaInSala) VALUES (628, 31, 'Opera 628', 1953, 1914, 'Quadro', NULL);
INSERT INTO Opera (codice, autore, titolo, annoAcquisto, annoRealizzazione, tipo, espostaInSala) VALUES (629, 52, 'Opera 629', 1920, 1704, 'Scultura', 12);
INSERT INTO Opera (codice, autore, titolo, annoAcquisto, annoRealizzazione, tipo, espostaInSala) VALUES (630, 18, 'Opera 630', 1979, 1865, 'Quadro', 3);
INSERT INTO Opera (codice, autore, titolo, annoAcquisto, annoRealizzazione, tipo, espostaInSala) VALUES (631, 30, 'Opera 631', 1869, 1818, 'Quadro', 10);
INSERT INTO Opera (codice, autore, titolo, annoAcquisto, annoRealizzazione, tipo, espostaInSala) VALUES (632, 75, 'Opera 632', 1978, 1761, 'Quadro', 13);
INSERT INTO Opera (codice, autore, titolo, annoAcquisto, annoRealizzazione, tipo, espostaInSala) VALUES (633, 68, 'Opera 633', 1848, 1783, 'Quadro', 16);
INSERT INTO Opera (codice, autore, titolo, annoAcquisto, annoRealizzazione, tipo, espostaInSala) VALUES (634, 34, 'Opera 634', 2021, 2020, 'Scultura', 10);
INSERT INTO Opera (codice, autore, titolo, annoAcquisto, annoRealizzazione, tipo, espostaInSala) VALUES (635, 49, 'Opera 635', 1947, 1710, 'Quadro', 11);
INSERT INTO Opera (codice, autore, titolo, annoAcquisto, annoRealizzazione, tipo, espostaInSala) VALUES (636, 11, 'Opera 636', 1963, 1890, 'Scultura', 12);
INSERT INTO Opera (codice, autore, titolo, annoAcquisto, annoRealizzazione, tipo, espostaInSala) VALUES (637, 9, 'Opera 637', 2010, 1783, 'Scultura', NULL);
INSERT INTO Opera (codice, autore, titolo, annoAcquisto, annoRealizzazione, tipo, espostaInSala) VALUES (638, 43, 'Opera 638', 1925, 1863, 'Scultura', 1);
INSERT INTO Opera (codice, autore, titolo, annoAcquisto, annoRealizzazione, tipo, espostaInSala) VALUES (639, 80, 'Opera 639', 1859, 1718, 'Quadro', 6);
INSERT INTO Opera (codice, autore, titolo, annoAcquisto, annoRealizzazione, tipo, espostaInSala) VALUES (640, 69, 'Opera 640', 1835, 1806, 'Scultura', 8);
INSERT INTO Opera (codice, autore, titolo, annoAcquisto, annoRealizzazione, tipo, espostaInSala) VALUES (641, 54, 'Opera 641', 1854, 1788, 'Scultura', 14);
INSERT INTO Opera (codice, autore, titolo, annoAcquisto, annoRealizzazione, tipo, espostaInSala) VALUES (642, 65, 'Opera 642', 1922, 1814, 'Scultura', 7);
INSERT INTO Opera (codice, autore, titolo, annoAcquisto, annoRealizzazione, tipo, espostaInSala) VALUES (643, 71, 'Opera 643', 2023, 2022, 'Quadro', 8);
INSERT INTO Opera (codice, autore, titolo, annoAcquisto, annoRealizzazione, tipo, espostaInSala) VALUES (644, 69, 'Opera 644', 1956, 1731, 'Scultura', 17);
INSERT INTO Opera (codice, autore, titolo, annoAcquisto, annoRealizzazione, tipo, espostaInSala) VALUES (645, 50, 'Opera 645', 1980, 1975, 'Quadro', 15);
INSERT INTO Opera (codice, autore, titolo, annoAcquisto, annoRealizzazione, tipo, espostaInSala) VALUES (646, 15, 'Opera 646', 1974, 1951, 'Scultura', 19);
INSERT INTO Opera (codice, autore, titolo, annoAcquisto, annoRealizzazione, tipo, espostaInSala) VALUES (647, 13, 'Opera 647', 1993, 1938, 'Scultura', 14);
INSERT INTO Opera (codice, autore, titolo, annoAcquisto, annoRealizzazione, tipo, espostaInSala) VALUES (648, 23, 'Opera 648', 2024, 1961, 'Quadro', 6);
INSERT INTO Opera (codice, autore, titolo, annoAcquisto, annoRealizzazione, tipo, espostaInSala) VALUES (649, 44, 'Opera 649', 2015, 1993, 'Scultura', 10);
INSERT INTO Opera (codice, autore, titolo, annoAcquisto, annoRealizzazione, tipo, espostaInSala) VALUES (650, 66, 'Opera 650', 1947, 1722, 'Quadro', NULL);
INSERT INTO Opera (codice, autore, titolo, annoAcquisto, annoRealizzazione, tipo, espostaInSala) VALUES (651, 34, 'Opera 651', 1928, 1854, 'Scultura', 2);
INSERT INTO Opera (codice, autore, titolo, annoAcquisto, annoRealizzazione, tipo, espostaInSala) VALUES (652, 77, 'Opera 652', 1861, 1742, 'Quadro', 16);
INSERT INTO Opera (codice, autore, titolo, annoAcquisto, annoRealizzazione, tipo, espostaInSala) VALUES (653, 12, 'Opera 653', 1975, 1703, 'Scultura', NULL);
INSERT INTO Opera (codice, autore, titolo, annoAcquisto, annoRealizzazione, tipo, espostaInSala) VALUES (654, 41, 'Opera 654', 2022, 1829, 'Quadro', 11);
INSERT INTO Opera (codice, autore, titolo, annoAcquisto, annoRealizzazione, tipo, espostaInSala) VALUES (655, 22, 'Opera 655', 1943, 1702, 'Quadro', 18);
INSERT INTO Opera (codice, autore, titolo, annoAcquisto, annoRealizzazione, tipo, espostaInSala) VALUES (656, 60, 'Opera 656', 1964, 1701, 'Quadro', 20);
INSERT INTO Opera (codice, autore, titolo, annoAcquisto, annoRealizzazione, tipo, espostaInSala) VALUES (657, 39, 'Opera 657', 1993, 1792, 'Quadro', 16);
INSERT INTO Opera (codice, autore, titolo, annoAcquisto, annoRealizzazione, tipo, espostaInSala) VALUES (658, 60, 'Opera 658', 1852, 1808, 'Quadro', 6);
INSERT INTO Opera (codice, autore, titolo, annoAcquisto, annoRealizzazione, tipo, espostaInSala) VALUES (659, 41, 'Opera 659', 1851, 1751, 'Scultura', 9);
INSERT INTO Opera (codice, autore, titolo, annoAcquisto, annoRealizzazione, tipo, espostaInSala) VALUES (660, 48, 'Opera 660', 1934, 1799, 'Quadro', NULL);
INSERT INTO Opera (codice, autore, titolo, annoAcquisto, annoRealizzazione, tipo, espostaInSala) VALUES (661, 7, 'Opera 661', 1922, 1749, 'Quadro', 1);
INSERT INTO Opera (codice, autore, titolo, annoAcquisto, annoRealizzazione, tipo, espostaInSala) VALUES (662, 16, 'Opera 662', 1981, 1943, 'Quadro', 17);
INSERT INTO Opera (codice, autore, titolo, annoAcquisto, annoRealizzazione, tipo, espostaInSala) VALUES (663, 2, 'Opera 663', 1993, 1924, 'Quadro', 13);
INSERT INTO Opera (codice, autore, titolo, annoAcquisto, annoRealizzazione, tipo, espostaInSala) VALUES (664, 8, 'Opera 664', 1881, 1823, 'Scultura', 9);
INSERT INTO Opera (codice, autore, titolo, annoAcquisto, annoRealizzazione, tipo, espostaInSala) VALUES (665, 3, 'Opera 665', 1959, 1766, 'Scultura', 16);
INSERT INTO Opera (codice, autore, titolo, annoAcquisto, annoRealizzazione, tipo, espostaInSala) VALUES (666, 57, 'Opera 666', 1915, 1838, 'Scultura', 20);
INSERT INTO Opera (codice, autore, titolo, annoAcquisto, annoRealizzazione, tipo, espostaInSala) VALUES (667, 31, 'Opera 667', 1941, 1868, 'Quadro', 19);
INSERT INTO Opera (codice, autore, titolo, annoAcquisto, annoRealizzazione, tipo, espostaInSala) VALUES (668, 42, 'Opera 668', 2020, 2019, 'Quadro', 12);
INSERT INTO Opera (codice, autore, titolo, annoAcquisto, annoRealizzazione, tipo, espostaInSala) VALUES (669, 77, 'Opera 669', 1981, 1932, 'Quadro', 4);
INSERT INTO Opera (codice, autore, titolo, annoAcquisto, annoRealizzazione, tipo, espostaInSala) VALUES (670, 48, 'Opera 670', 1998, 1906, 'Scultura', 19);
INSERT INTO Opera (codice, autore, titolo, annoAcquisto, annoRealizzazione, tipo, espostaInSala) VALUES (671, 38, 'Opera 671', 1895, 1845, 'Scultura', 9);
INSERT INTO Opera (codice, autore, titolo, annoAcquisto, annoRealizzazione, tipo, espostaInSala) VALUES (672, 1, 'Opera 672', 1999, 1795, 'Quadro', 16);
INSERT INTO Opera (codice, autore, titolo, annoAcquisto, annoRealizzazione, tipo, espostaInSala) VALUES (673, 4, 'Opera 673', 1989, 1916, 'Quadro', 5);
INSERT INTO Opera (codice, autore, titolo, annoAcquisto, annoRealizzazione, tipo, espostaInSala) VALUES (674, 55, 'Opera 674', 1974, 1952, 'Scultura', 10);
INSERT INTO Opera (codice, autore, titolo, annoAcquisto, annoRealizzazione, tipo, espostaInSala) VALUES (675, 28, 'Opera 675', 1925, 1911, 'Scultura', 15);
INSERT INTO Opera (codice, autore, titolo, annoAcquisto, annoRealizzazione, tipo, espostaInSala) VALUES (676, 17, 'Opera 676', 1759, 1751, 'Scultura', 20);
INSERT INTO Opera (codice, autore, titolo, annoAcquisto, annoRealizzazione, tipo, espostaInSala) VALUES (677, 41, 'Opera 677', 1851, 1760, 'Quadro', 20);
INSERT INTO Opera (codice, autore, titolo, annoAcquisto, annoRealizzazione, tipo, espostaInSala) VALUES (678, 15, 'Opera 678', 1904, 1812, 'Quadro', 16);
INSERT INTO Opera (codice, autore, titolo, annoAcquisto, annoRealizzazione, tipo, espostaInSala) VALUES (679, 71, 'Opera 679', 2016, 1963, 'Quadro', 11);
INSERT INTO Opera (codice, autore, titolo, annoAcquisto, annoRealizzazione, tipo, espostaInSala) VALUES (680, 45, 'Opera 680', 2003, 1997, 'Quadro', 15);
INSERT INTO Opera (codice, autore, titolo, annoAcquisto, annoRealizzazione, tipo, espostaInSala) VALUES (681, 73, 'Opera 681', 1831, 1721, 'Quadro', 12);
INSERT INTO Opera (codice, autore, titolo, annoAcquisto, annoRealizzazione, tipo, espostaInSala) VALUES (682, 70, 'Opera 682', 1881, 1771, 'Quadro', NULL);
INSERT INTO Opera (codice, autore, titolo, annoAcquisto, annoRealizzazione, tipo, espostaInSala) VALUES (683, 71, 'Opera 683', 1999, 1950, 'Scultura', NULL);
INSERT INTO Opera (codice, autore, titolo, annoAcquisto, annoRealizzazione, tipo, espostaInSala) VALUES (684, 25, 'Opera 684', 1989, 1976, 'Scultura', 19);
INSERT INTO Opera (codice, autore, titolo, annoAcquisto, annoRealizzazione, tipo, espostaInSala) VALUES (685, 68, 'Opera 685', 1879, 1856, 'Scultura', 9);
INSERT INTO Opera (codice, autore, titolo, annoAcquisto, annoRealizzazione, tipo, espostaInSala) VALUES (686, 71, 'Opera 686', 1969, 1758, 'Scultura', 5);
INSERT INTO Opera (codice, autore, titolo, annoAcquisto, annoRealizzazione, tipo, espostaInSala) VALUES (687, 58, 'Opera 687', 1911, 1879, 'Scultura', 13);
INSERT INTO Opera (codice, autore, titolo, annoAcquisto, annoRealizzazione, tipo, espostaInSala) VALUES (688, 21, 'Opera 688', 1979, 1709, 'Scultura', 15);
INSERT INTO Opera (codice, autore, titolo, annoAcquisto, annoRealizzazione, tipo, espostaInSala) VALUES (689, 33, 'Opera 689', 1826, 1788, 'Quadro', 4);
INSERT INTO Opera (codice, autore, titolo, annoAcquisto, annoRealizzazione, tipo, espostaInSala) VALUES (690, 42, 'Opera 690', 1872, 1806, 'Quadro', 7);
INSERT INTO Opera (codice, autore, titolo, annoAcquisto, annoRealizzazione, tipo, espostaInSala) VALUES (691, 73, 'Opera 691', 1976, 1815, 'Scultura', 1);
INSERT INTO Opera (codice, autore, titolo, annoAcquisto, annoRealizzazione, tipo, espostaInSala) VALUES (692, 79, 'Opera 692', 1968, 1936, 'Scultura', 2);
INSERT INTO Opera (codice, autore, titolo, annoAcquisto, annoRealizzazione, tipo, espostaInSala) VALUES (693, 32, 'Opera 693', 1959, 1793, 'Quadro', 14);
INSERT INTO Opera (codice, autore, titolo, annoAcquisto, annoRealizzazione, tipo, espostaInSala) VALUES (694, 65, 'Opera 694', 1985, 1732, 'Scultura', NULL);
INSERT INTO Opera (codice, autore, titolo, annoAcquisto, annoRealizzazione, tipo, espostaInSala) VALUES (695, 42, 'Opera 695', 1950, 1904, 'Quadro', 1);
INSERT INTO Opera (codice, autore, titolo, annoAcquisto, annoRealizzazione, tipo, espostaInSala) VALUES (696, 59, 'Opera 696', 2014, 1768, 'Quadro', 16);
INSERT INTO Opera (codice, autore, titolo, annoAcquisto, annoRealizzazione, tipo, espostaInSala) VALUES (697, 57, 'Opera 697', 1957, 1744, 'Scultura', 14);
INSERT INTO Opera (codice, autore, titolo, annoAcquisto, annoRealizzazione, tipo, espostaInSala) VALUES (698, 79, 'Opera 698', 2017, 1894, 'Scultura', 8);
INSERT INTO Opera (codice, autore, titolo, annoAcquisto, annoRealizzazione, tipo, espostaInSala) VALUES (699, 16, 'Opera 699', 2012, 1972, 'Quadro', 17);
INSERT INTO Opera (codice, autore, titolo, annoAcquisto, annoRealizzazione, tipo, espostaInSala) VALUES (700, 47, 'Opera 700', 2006, 1968, 'Scultura', 6);
INSERT INTO Opera (codice, autore, titolo, annoAcquisto, annoRealizzazione, tipo, espostaInSala) VALUES (701, 31, 'Opera 701', 1965, 1900, 'Quadro', 2);
INSERT INTO Opera (codice, autore, titolo, annoAcquisto, annoRealizzazione, tipo, espostaInSala) VALUES (702, 50, 'Opera 702', 2020, 2013, 'Quadro', 20);
INSERT INTO Opera (codice, autore, titolo, annoAcquisto, annoRealizzazione, tipo, espostaInSala) VALUES (703, 62, 'Opera 703', 1749, 1722, 'Scultura', 10);
INSERT INTO Opera (codice, autore, titolo, annoAcquisto, annoRealizzazione, tipo, espostaInSala) VALUES (704, 25, 'Opera 704', 1959, 1938, 'Scultura', 4);
INSERT INTO Opera (codice, autore, titolo, annoAcquisto, annoRealizzazione, tipo, espostaInSala) VALUES (705, 44, 'Opera 705', 1967, 1959, 'Scultura', 13);
INSERT INTO Opera (codice, autore, titolo, annoAcquisto, annoRealizzazione, tipo, espostaInSala) VALUES (706, 49, 'Opera 706', 1960, 1943, 'Scultura', 8);
INSERT INTO Opera (codice, autore, titolo, annoAcquisto, annoRealizzazione, tipo, espostaInSala) VALUES (707, 54, 'Opera 707', 2013, 1991, 'Quadro', 19);
INSERT INTO Opera (codice, autore, titolo, annoAcquisto, annoRealizzazione, tipo, espostaInSala) VALUES (708, 32, 'Opera 708', 1894, 1824, 'Scultura', 3);
INSERT INTO Opera (codice, autore, titolo, annoAcquisto, annoRealizzazione, tipo, espostaInSala) VALUES (709, 29, 'Opera 709', 1857, 1765, 'Scultura', NULL);
INSERT INTO Opera (codice, autore, titolo, annoAcquisto, annoRealizzazione, tipo, espostaInSala) VALUES (710, 8, 'Opera 710', 2021, 1984, 'Quadro', NULL);
INSERT INTO Opera (codice, autore, titolo, annoAcquisto, annoRealizzazione, tipo, espostaInSala) VALUES (711, 77, 'Opera 711', 1952, 1851, 'Scultura', 1);
INSERT INTO Opera (codice, autore, titolo, annoAcquisto, annoRealizzazione, tipo, espostaInSala) VALUES (712, 19, 'Opera 712', 2025, 1874, 'Scultura', 7);
INSERT INTO Opera (codice, autore, titolo, annoAcquisto, annoRealizzazione, tipo, espostaInSala) VALUES (713, 56, 'Opera 713', 2024, 2016, 'Scultura', 3);
INSERT INTO Opera (codice, autore, titolo, annoAcquisto, annoRealizzazione, tipo, espostaInSala) VALUES (714, 3, 'Opera 714', 2003, 1993, 'Quadro', 12);
INSERT INTO Opera (codice, autore, titolo, annoAcquisto, annoRealizzazione, tipo, espostaInSala) VALUES (715, 72, 'Opera 715', 1998, 1705, 'Scultura', 13);
INSERT INTO Opera (codice, autore, titolo, annoAcquisto, annoRealizzazione, tipo, espostaInSala) VALUES (716, 19, 'Opera 716', 1946, 1715, 'Scultura', 18);
INSERT INTO Opera (codice, autore, titolo, annoAcquisto, annoRealizzazione, tipo, espostaInSala) VALUES (717, 39, 'Opera 717', 1973, 1897, 'Quadro', 5);
INSERT INTO Opera (codice, autore, titolo, annoAcquisto, annoRealizzazione, tipo, espostaInSala) VALUES (718, 53, 'Opera 718', 1959, 1884, 'Scultura', 20);
INSERT INTO Opera (codice, autore, titolo, annoAcquisto, annoRealizzazione, tipo, espostaInSala) VALUES (719, 63, 'Opera 719', 2025, 1872, 'Quadro', 12);
INSERT INTO Opera (codice, autore, titolo, annoAcquisto, annoRealizzazione, tipo, espostaInSala) VALUES (720, 63, 'Opera 720', 2006, 1910, 'Quadro', 17);
INSERT INTO Opera (codice, autore, titolo, annoAcquisto, annoRealizzazione, tipo, espostaInSala) VALUES (721, 48, 'Opera 721', 1924, 1920, 'Quadro', NULL);
INSERT INTO Opera (codice, autore, titolo, annoAcquisto, annoRealizzazione, tipo, espostaInSala) VALUES (722, 75, 'Opera 722', 1921, 1700, 'Scultura', 9);
INSERT INTO Opera (codice, autore, titolo, annoAcquisto, annoRealizzazione, tipo, espostaInSala) VALUES (723, 75, 'Opera 723', 1889, 1740, 'Quadro', 3);
INSERT INTO Opera (codice, autore, titolo, annoAcquisto, annoRealizzazione, tipo, espostaInSala) VALUES (724, 20, 'Opera 724', 1986, 1955, 'Scultura', 14);
INSERT INTO Opera (codice, autore, titolo, annoAcquisto, annoRealizzazione, tipo, espostaInSala) VALUES (725, 4, 'Opera 725', 2016, 1867, 'Scultura', NULL);
INSERT INTO Opera (codice, autore, titolo, annoAcquisto, annoRealizzazione, tipo, espostaInSala) VALUES (726, 11, 'Opera 726', 1973, 1939, 'Scultura', 18);
INSERT INTO Opera (codice, autore, titolo, annoAcquisto, annoRealizzazione, tipo, espostaInSala) VALUES (727, 54, 'Opera 727', 1942, 1940, 'Scultura', 20);
INSERT INTO Opera (codice, autore, titolo, annoAcquisto, annoRealizzazione, tipo, espostaInSala) VALUES (728, 24, 'Opera 728', 2011, 1965, 'Quadro', 18);
INSERT INTO Opera (codice, autore, titolo, annoAcquisto, annoRealizzazione, tipo, espostaInSala) VALUES (729, 12, 'Opera 729', 2009, 1741, 'Scultura', 2);
INSERT INTO Opera (codice, autore, titolo, annoAcquisto, annoRealizzazione, tipo, espostaInSala) VALUES (730, 43, 'Opera 730', 1973, 1931, 'Quadro', 19);
INSERT INTO Opera (codice, autore, titolo, annoAcquisto, annoRealizzazione, tipo, espostaInSala) VALUES (731, 28, 'Opera 731', 1944, 1864, 'Scultura', 9);
INSERT INTO Opera (codice, autore, titolo, annoAcquisto, annoRealizzazione, tipo, espostaInSala) VALUES (732, 11, 'Opera 732', 1884, 1864, 'Scultura', 18);
INSERT INTO Opera (codice, autore, titolo, annoAcquisto, annoRealizzazione, tipo, espostaInSala) VALUES (733, 29, 'Opera 733', 2014, 1942, 'Quadro', NULL);
INSERT INTO Opera (codice, autore, titolo, annoAcquisto, annoRealizzazione, tipo, espostaInSala) VALUES (734, 22, 'Opera 734', 1904, 1855, 'Quadro', 20);
INSERT INTO Opera (codice, autore, titolo, annoAcquisto, annoRealizzazione, tipo, espostaInSala) VALUES (735, 34, 'Opera 735', 2005, 1960, 'Scultura', 15);
INSERT INTO Opera (codice, autore, titolo, annoAcquisto, annoRealizzazione, tipo, espostaInSala) VALUES (736, 39, 'Opera 736', 1951, 1776, 'Scultura', 17);
INSERT INTO Opera (codice, autore, titolo, annoAcquisto, annoRealizzazione, tipo, espostaInSala) VALUES (737, 33, 'Opera 737', 1855, 1745, 'Quadro', 3);
INSERT INTO Opera (codice, autore, titolo, annoAcquisto, annoRealizzazione, tipo, espostaInSala) VALUES (738, 70, 'Opera 738', 1870, 1757, 'Quadro', 5);
INSERT INTO Opera (codice, autore, titolo, annoAcquisto, annoRealizzazione, tipo, espostaInSala) VALUES (739, 63, 'Opera 739', 1933, 1840, 'Quadro', 1);
INSERT INTO Opera (codice, autore, titolo, annoAcquisto, annoRealizzazione, tipo, espostaInSala) VALUES (740, 20, 'Opera 740', 2023, 2021, 'Scultura', 2);
INSERT INTO Opera (codice, autore, titolo, annoAcquisto, annoRealizzazione, tipo, espostaInSala) VALUES (741, 10, 'Opera 741', 1997, 1845, 'Quadro', 19);
INSERT INTO Opera (codice, autore, titolo, annoAcquisto, annoRealizzazione, tipo, espostaInSala) VALUES (742, 65, 'Opera 742', 1790, 1774, 'Scultura', 2);
INSERT INTO Opera (codice, autore, titolo, annoAcquisto, annoRealizzazione, tipo, espostaInSala) VALUES (743, 50, 'Opera 743', 1790, 1701, 'Quadro', 1);
INSERT INTO Opera (codice, autore, titolo, annoAcquisto, annoRealizzazione, tipo, espostaInSala) VALUES (744, 61, 'Opera 744', 2012, 1980, 'Scultura', NULL);
INSERT INTO Opera (codice, autore, titolo, annoAcquisto, annoRealizzazione, tipo, espostaInSala) VALUES (745, 2, 'Opera 745', 2008, 1946, 'Quadro', 9);
INSERT INTO Opera (codice, autore, titolo, annoAcquisto, annoRealizzazione, tipo, espostaInSala) VALUES (746, 64, 'Opera 746', 1997, 1994, 'Quadro', 7);
INSERT INTO Opera (codice, autore, titolo, annoAcquisto, annoRealizzazione, tipo, espostaInSala) VALUES (747, 64, 'Opera 747', 1984, 1843, 'Scultura', 20);
INSERT INTO Opera (codice, autore, titolo, annoAcquisto, annoRealizzazione, tipo, espostaInSala) VALUES (748, 14, 'Opera 748', 1980, 1936, 'Quadro', 17);
INSERT INTO Opera (codice, autore, titolo, annoAcquisto, annoRealizzazione, tipo, espostaInSala) VALUES (749, 51, 'Opera 749', 1883, 1779, 'Quadro', 15);
INSERT INTO Opera (codice, autore, titolo, annoAcquisto, annoRealizzazione, tipo, espostaInSala) VALUES (750, 44, 'Opera 750', 1971, 1788, 'Scultura', 15);
INSERT INTO Opera (codice, autore, titolo, annoAcquisto, annoRealizzazione, tipo, espostaInSala) VALUES (751, 18, 'Opera 751', 1837, 1757, 'Scultura', 17);
INSERT INTO Opera (codice, autore, titolo, annoAcquisto, annoRealizzazione, tipo, espostaInSala) VALUES (752, 30, 'Opera 752', 1854, 1782, 'Scultura', 4);
INSERT INTO Opera (codice, autore, titolo, annoAcquisto, annoRealizzazione, tipo, espostaInSala) VALUES (753, 37, 'Opera 753', 2000, 1991, 'Quadro', 1);
INSERT INTO Opera (codice, autore, titolo, annoAcquisto, annoRealizzazione, tipo, espostaInSala) VALUES (754, 70, 'Opera 754', 1832, 1729, 'Scultura', 5);
INSERT INTO Opera (codice, autore, titolo, annoAcquisto, annoRealizzazione, tipo, espostaInSala) VALUES (755, 69, 'Opera 755', 1977, 1972, 'Quadro', 5);
INSERT INTO Opera (codice, autore, titolo, annoAcquisto, annoRealizzazione, tipo, espostaInSala) VALUES (756, 24, 'Opera 756', 2019, 2005, 'Quadro', 20);
INSERT INTO Opera (codice, autore, titolo, annoAcquisto, annoRealizzazione, tipo, espostaInSala) VALUES (757, 50, 'Opera 757', 1974, 1924, 'Quadro', 13);
INSERT INTO Opera (codice, autore, titolo, annoAcquisto, annoRealizzazione, tipo, espostaInSala) VALUES (758, 33, 'Opera 758', 1878, 1709, 'Scultura', 6);
INSERT INTO Opera (codice, autore, titolo, annoAcquisto, annoRealizzazione, tipo, espostaInSala) VALUES (759, 11, 'Opera 759', 1909, 1893, 'Scultura', 14);
INSERT INTO Opera (codice, autore, titolo, annoAcquisto, annoRealizzazione, tipo, espostaInSala) VALUES (760, 34, 'Opera 760', 1931, 1826, 'Scultura', NULL);
INSERT INTO Opera (codice, autore, titolo, annoAcquisto, annoRealizzazione, tipo, espostaInSala) VALUES (761, 2, 'Opera 761', 1879, 1855, 'Quadro', 19);
INSERT INTO Opera (codice, autore, titolo, annoAcquisto, annoRealizzazione, tipo, espostaInSala) VALUES (762, 62, 'Opera 762', 1876, 1845, 'Quadro', 15);
INSERT INTO Opera (codice, autore, titolo, annoAcquisto, annoRealizzazione, tipo, espostaInSala) VALUES (763, 58, 'Opera 763', 2010, 1998, 'Scultura', 4);
INSERT INTO Opera (codice, autore, titolo, annoAcquisto, annoRealizzazione, tipo, espostaInSala) VALUES (764, 7, 'Opera 764', 2009, 1900, 'Scultura', 3);
INSERT INTO Opera (codice, autore, titolo, annoAcquisto, annoRealizzazione, tipo, espostaInSala) VALUES (765, 22, 'Opera 765', 1817, 1759, 'Scultura', 11);
INSERT INTO Opera (codice, autore, titolo, annoAcquisto, annoRealizzazione, tipo, espostaInSala) VALUES (766, 56, 'Opera 766', 1975, 1868, 'Scultura', 2);
INSERT INTO Opera (codice, autore, titolo, annoAcquisto, annoRealizzazione, tipo, espostaInSala) VALUES (767, 3, 'Opera 767', 1940, 1706, 'Scultura', 7);
INSERT INTO Opera (codice, autore, titolo, annoAcquisto, annoRealizzazione, tipo, espostaInSala) VALUES (768, 13, 'Opera 768', 1867, 1768, 'Quadro', NULL);
INSERT INTO Opera (codice, autore, titolo, annoAcquisto, annoRealizzazione, tipo, espostaInSala) VALUES (769, 65, 'Opera 769', 1992, 1793, 'Quadro', 19);
INSERT INTO Opera (codice, autore, titolo, annoAcquisto, annoRealizzazione, tipo, espostaInSala) VALUES (770, 7, 'Opera 770', 1971, 1922, 'Quadro', 2);
INSERT INTO Opera (codice, autore, titolo, annoAcquisto, annoRealizzazione, tipo, espostaInSala) VALUES (771, 23, 'Opera 771', 1982, 1815, 'Quadro', 14);
INSERT INTO Opera (codice, autore, titolo, annoAcquisto, annoRealizzazione, tipo, espostaInSala) VALUES (772, 39, 'Opera 772', 1968, 1906, 'Scultura', 7);
INSERT INTO Opera (codice, autore, titolo, annoAcquisto, annoRealizzazione, tipo, espostaInSala) VALUES (773, 62, 'Opera 773', 1857, 1767, 'Scultura', 3);
INSERT INTO Opera (codice, autore, titolo, annoAcquisto, annoRealizzazione, tipo, espostaInSala) VALUES (774, 23, 'Opera 774', 1792, 1788, 'Scultura', 12);
INSERT INTO Opera (codice, autore, titolo, annoAcquisto, annoRealizzazione, tipo, espostaInSala) VALUES (775, 59, 'Opera 775', 1997, 1996, 'Scultura', 15);
INSERT INTO Opera (codice, autore, titolo, annoAcquisto, annoRealizzazione, tipo, espostaInSala) VALUES (776, 38, 'Opera 776', 1973, 1885, 'Quadro', 10);
INSERT INTO Opera (codice, autore, titolo, annoAcquisto, annoRealizzazione, tipo, espostaInSala) VALUES (777, 76, 'Opera 777', 1940, 1844, 'Quadro', 3);
INSERT INTO Opera (codice, autore, titolo, annoAcquisto, annoRealizzazione, tipo, espostaInSala) VALUES (778, 25, 'Opera 778', 1849, 1797, 'Scultura', 5);
INSERT INTO Opera (codice, autore, titolo, annoAcquisto, annoRealizzazione, tipo, espostaInSala) VALUES (779, 80, 'Opera 779', 1921, 1868, 'Quadro', 13);
INSERT INTO Opera (codice, autore, titolo, annoAcquisto, annoRealizzazione, tipo, espostaInSala) VALUES (780, 69, 'Opera 780', 1942, 1906, 'Quadro', 4);
INSERT INTO Opera (codice, autore, titolo, annoAcquisto, annoRealizzazione, tipo, espostaInSala) VALUES (781, 42, 'Opera 781', 1770, 1724, 'Quadro', 19);
INSERT INTO Opera (codice, autore, titolo, annoAcquisto, annoRealizzazione, tipo, espostaInSala) VALUES (782, 35, 'Opera 782', 2009, 1979, 'Scultura', 7);
INSERT INTO Opera (codice, autore, titolo, annoAcquisto, annoRealizzazione, tipo, espostaInSala) VALUES (783, 10, 'Opera 783', 1863, 1839, 'Scultura', 9);
INSERT INTO Opera (codice, autore, titolo, annoAcquisto, annoRealizzazione, tipo, espostaInSala) VALUES (784, 60, 'Opera 784', 1765, 1717, 'Quadro', 14);
INSERT INTO Opera (codice, autore, titolo, annoAcquisto, annoRealizzazione, tipo, espostaInSala) VALUES (785, 35, 'Opera 785', 1942, 1781, 'Quadro', 6);
INSERT INTO Opera (codice, autore, titolo, annoAcquisto, annoRealizzazione, tipo, espostaInSala) VALUES (786, 19, 'Opera 786', 1781, 1739, 'Quadro', 17);
INSERT INTO Opera (codice, autore, titolo, annoAcquisto, annoRealizzazione, tipo, espostaInSala) VALUES (787, 16, 'Opera 787', 1951, 1726, 'Scultura', 11);
INSERT INTO Opera (codice, autore, titolo, annoAcquisto, annoRealizzazione, tipo, espostaInSala) VALUES (788, 45, 'Opera 788', 1942, 1834, 'Quadro', 6);
INSERT INTO Opera (codice, autore, titolo, annoAcquisto, annoRealizzazione, tipo, espostaInSala) VALUES (789, 71, 'Opera 789', 1926, 1799, 'Scultura', 7);
INSERT INTO Opera (codice, autore, titolo, annoAcquisto, annoRealizzazione, tipo, espostaInSala) VALUES (790, 11, 'Opera 790', 1841, 1818, 'Quadro', 18);
INSERT INTO Opera (codice, autore, titolo, annoAcquisto, annoRealizzazione, tipo, espostaInSala) VALUES (791, 23, 'Opera 791', 1983, 1725, 'Quadro', 16);
INSERT INTO Opera (codice, autore, titolo, annoAcquisto, annoRealizzazione, tipo, espostaInSala) VALUES (792, 42, 'Opera 792', 1988, 1980, 'Scultura', 15);
INSERT INTO Opera (codice, autore, titolo, annoAcquisto, annoRealizzazione, tipo, espostaInSala) VALUES (793, 4, 'Opera 793', 2006, 1998, 'Quadro', 20);
INSERT INTO Opera (codice, autore, titolo, annoAcquisto, annoRealizzazione, tipo, espostaInSala) VALUES (794, 41, 'Opera 794', 1994, 1973, 'Quadro', 14);
INSERT INTO Opera (codice, autore, titolo, annoAcquisto, annoRealizzazione, tipo, espostaInSala) VALUES (795, 16, 'Opera 795', 1865, 1750, 'Scultura', 5);
INSERT INTO Opera (codice, autore, titolo, annoAcquisto, annoRealizzazione, tipo, espostaInSala) VALUES (796, 75, 'Opera 796', 1975, 1854, 'Scultura', 12);
INSERT INTO Opera (codice, autore, titolo, annoAcquisto, annoRealizzazione, tipo, espostaInSala) VALUES (797, 77, 'Opera 797', 1808, 1701, 'Scultura', 15);
INSERT INTO Opera (codice, autore, titolo, annoAcquisto, annoRealizzazione, tipo, espostaInSala) VALUES (798, 71, 'Opera 798', 1933, 1927, 'Scultura', 6);
INSERT INTO Opera (codice, autore, titolo, annoAcquisto, annoRealizzazione, tipo, espostaInSala) VALUES (799, 41, 'Opera 799', 1906, 1894, 'Quadro', NULL);
INSERT INTO Opera (codice, autore, titolo, annoAcquisto, annoRealizzazione, tipo, espostaInSala) VALUES (800, 10, 'Opera 800', 1940, 1907, 'Quadro', 7);
INSERT INTO Opera (codice, autore, titolo, annoAcquisto, annoRealizzazione, tipo, espostaInSala) VALUES (801, 30, 'Opera 801', 2021, 1791, 'Scultura', 2);
INSERT INTO Opera (codice, autore, titolo, annoAcquisto, annoRealizzazione, tipo, espostaInSala) VALUES (802, 14, 'Opera 802', 1930, 1716, 'Scultura', 14);
INSERT INTO Opera (codice, autore, titolo, annoAcquisto, annoRealizzazione, tipo, espostaInSala) VALUES (803, 73, 'Opera 803', 1810, 1796, 'Quadro', 1);
INSERT INTO Opera (codice, autore, titolo, annoAcquisto, annoRealizzazione, tipo, espostaInSala) VALUES (804, 41, 'Opera 804', 2018, 2006, 'Quadro', 12);
INSERT INTO Opera (codice, autore, titolo, annoAcquisto, annoRealizzazione, tipo, espostaInSala) VALUES (805, 51, 'Opera 805', 1793, 1769, 'Quadro', NULL);
INSERT INTO Opera (codice, autore, titolo, annoAcquisto, annoRealizzazione, tipo, espostaInSala) VALUES (806, 48, 'Opera 806', 1999, 1969, 'Quadro', 16);
INSERT INTO Opera (codice, autore, titolo, annoAcquisto, annoRealizzazione, tipo, espostaInSala) VALUES (807, 72, 'Opera 807', 1847, 1752, 'Scultura', 6);
INSERT INTO Opera (codice, autore, titolo, annoAcquisto, annoRealizzazione, tipo, espostaInSala) VALUES (808, 32, 'Opera 808', 2011, 1831, 'Quadro', 12);
INSERT INTO Opera (codice, autore, titolo, annoAcquisto, annoRealizzazione, tipo, espostaInSala) VALUES (809, 37, 'Opera 809', 1978, 1916, 'Quadro', NULL);
INSERT INTO Opera (codice, autore, titolo, annoAcquisto, annoRealizzazione, tipo, espostaInSala) VALUES (810, 43, 'Opera 810', 2015, 2000, 'Scultura', 13);
INSERT INTO Opera (codice, autore, titolo, annoAcquisto, annoRealizzazione, tipo, espostaInSala) VALUES (811, 6, 'Opera 811', 1899, 1828, 'Scultura', 2);
INSERT INTO Opera (codice, autore, titolo, annoAcquisto, annoRealizzazione, tipo, espostaInSala) VALUES (812, 17, 'Opera 812', 2019, 1945, 'Quadro', 12);
INSERT INTO Opera (codice, autore, titolo, annoAcquisto, annoRealizzazione, tipo, espostaInSala) VALUES (813, 66, 'Opera 813', 2025, 1883, 'Quadro', 17);
INSERT INTO Opera (codice, autore, titolo, annoAcquisto, annoRealizzazione, tipo, espostaInSala) VALUES (814, 8, 'Opera 814', 1992, 1963, 'Scultura', 1);
INSERT INTO Opera (codice, autore, titolo, annoAcquisto, annoRealizzazione, tipo, espostaInSala) VALUES (815, 74, 'Opera 815', 1831, 1763, 'Scultura', 7);
INSERT INTO Opera (codice, autore, titolo, annoAcquisto, annoRealizzazione, tipo, espostaInSala) VALUES (816, 3, 'Opera 816', 2003, 1997, 'Quadro', 17);
INSERT INTO Opera (codice, autore, titolo, annoAcquisto, annoRealizzazione, tipo, espostaInSala) VALUES (817, 60, 'Opera 817', 2013, 2008, 'Quadro', 6);
INSERT INTO Opera (codice, autore, titolo, annoAcquisto, annoRealizzazione, tipo, espostaInSala) VALUES (818, 66, 'Opera 818', 2018, 2011, 'Quadro', 14);
INSERT INTO Opera (codice, autore, titolo, annoAcquisto, annoRealizzazione, tipo, espostaInSala) VALUES (819, 64, 'Opera 819', 1851, 1845, 'Quadro', 8);
INSERT INTO Opera (codice, autore, titolo, annoAcquisto, annoRealizzazione, tipo, espostaInSala) VALUES (820, 9, 'Opera 820', 2003, 1976, 'Quadro', 2);
INSERT INTO Opera (codice, autore, titolo, annoAcquisto, annoRealizzazione, tipo, espostaInSala) VALUES (821, 2, 'Opera 821', 1948, 1926, 'Quadro', NULL);
INSERT INTO Opera (codice, autore, titolo, annoAcquisto, annoRealizzazione, tipo, espostaInSala) VALUES (822, 3, 'Opera 822', 2000, 1993, 'Scultura', 4);
INSERT INTO Opera (codice, autore, titolo, annoAcquisto, annoRealizzazione, tipo, espostaInSala) VALUES (823, 12, 'Opera 823', 1951, 1934, 'Quadro', NULL);
INSERT INTO Opera (codice, autore, titolo, annoAcquisto, annoRealizzazione, tipo, espostaInSala) VALUES (824, 35, 'Opera 824', 1991, 1880, 'Quadro', 5);
INSERT INTO Opera (codice, autore, titolo, annoAcquisto, annoRealizzazione, tipo, espostaInSala) VALUES (825, 73, 'Opera 825', 1926, 1711, 'Quadro', 11);
INSERT INTO Opera (codice, autore, titolo, annoAcquisto, annoRealizzazione, tipo, espostaInSala) VALUES (826, 2, 'Opera 826', 1980, 1923, 'Quadro', 1);
INSERT INTO Opera (codice, autore, titolo, annoAcquisto, annoRealizzazione, tipo, espostaInSala) VALUES (827, 64, 'Opera 827', 1960, 1926, 'Scultura', 13);
INSERT INTO Opera (codice, autore, titolo, annoAcquisto, annoRealizzazione, tipo, espostaInSala) VALUES (828, 62, 'Opera 828', 1810, 1793, 'Quadro', 15);
INSERT INTO Opera (codice, autore, titolo, annoAcquisto, annoRealizzazione, tipo, espostaInSala) VALUES (829, 7, 'Opera 829', 1866, 1865, 'Quadro', 2);
INSERT INTO Opera (codice, autore, titolo, annoAcquisto, annoRealizzazione, tipo, espostaInSala) VALUES (830, 26, 'Opera 830', 1966, 1893, 'Scultura', 9);
INSERT INTO Opera (codice, autore, titolo, annoAcquisto, annoRealizzazione, tipo, espostaInSala) VALUES (831, 19, 'Opera 831', 1754, 1749, 'Quadro', 2);
INSERT INTO Opera (codice, autore, titolo, annoAcquisto, annoRealizzazione, tipo, espostaInSala) VALUES (832, 73, 'Opera 832', 1968, 1956, 'Scultura', 5);
INSERT INTO Opera (codice, autore, titolo, annoAcquisto, annoRealizzazione, tipo, espostaInSala) VALUES (833, 34, 'Opera 833', 1814, 1738, 'Quadro', 6);
INSERT INTO Opera (codice, autore, titolo, annoAcquisto, annoRealizzazione, tipo, espostaInSala) VALUES (834, 61, 'Opera 834', 1835, 1768, 'Quadro', 7);
INSERT INTO Opera (codice, autore, titolo, annoAcquisto, annoRealizzazione, tipo, espostaInSala) VALUES (835, 61, 'Opera 835', 2010, 1798, 'Scultura', 3);
INSERT INTO Opera (codice, autore, titolo, annoAcquisto, annoRealizzazione, tipo, espostaInSala) VALUES (836, 61, 'Opera 836', 2009, 1869, 'Scultura', 7);
INSERT INTO Opera (codice, autore, titolo, annoAcquisto, annoRealizzazione, tipo, espostaInSala) VALUES (837, 18, 'Opera 837', 1930, 1891, 'Scultura', 14);
INSERT INTO Opera (codice, autore, titolo, annoAcquisto, annoRealizzazione, tipo, espostaInSala) VALUES (838, 21, 'Opera 838', 1888, 1750, 'Scultura', 16);
INSERT INTO Opera (codice, autore, titolo, annoAcquisto, annoRealizzazione, tipo, espostaInSala) VALUES (839, 37, 'Opera 839', 1902, 1887, 'Scultura', 9);
INSERT INTO Opera (codice, autore, titolo, annoAcquisto, annoRealizzazione, tipo, espostaInSala) VALUES (840, 45, 'Opera 840', 1967, 1896, 'Scultura', 19);
INSERT INTO Opera (codice, autore, titolo, annoAcquisto, annoRealizzazione, tipo, espostaInSala) VALUES (841, 56, 'Opera 841', 1892, 1882, 'Scultura', 19);
INSERT INTO Opera (codice, autore, titolo, annoAcquisto, annoRealizzazione, tipo, espostaInSala) VALUES (842, 17, 'Opera 842', 1986, 1859, 'Scultura', 12);
INSERT INTO Opera (codice, autore, titolo, annoAcquisto, annoRealizzazione, tipo, espostaInSala) VALUES (843, 39, 'Opera 843', 1903, 1701, 'Scultura', NULL);
INSERT INTO Opera (codice, autore, titolo, annoAcquisto, annoRealizzazione, tipo, espostaInSala) VALUES (844, 59, 'Opera 844', 1841, 1755, 'Quadro', 9);
INSERT INTO Opera (codice, autore, titolo, annoAcquisto, annoRealizzazione, tipo, espostaInSala) VALUES (845, 52, 'Opera 845', 1967, 1909, 'Quadro', 20);
INSERT INTO Opera (codice, autore, titolo, annoAcquisto, annoRealizzazione, tipo, espostaInSala) VALUES (846, 56, 'Opera 846', 1856, 1731, 'Quadro', 12);
INSERT INTO Opera (codice, autore, titolo, annoAcquisto, annoRealizzazione, tipo, espostaInSala) VALUES (847, 36, 'Opera 847', 1891, 1883, 'Quadro', 14);
INSERT INTO Opera (codice, autore, titolo, annoAcquisto, annoRealizzazione, tipo, espostaInSala) VALUES (848, 54, 'Opera 848', 1971, 1934, 'Quadro', 6);
INSERT INTO Opera (codice, autore, titolo, annoAcquisto, annoRealizzazione, tipo, espostaInSala) VALUES (849, 9, 'Opera 849', 2024, 1995, 'Scultura', 19);
INSERT INTO Opera (codice, autore, titolo, annoAcquisto, annoRealizzazione, tipo, espostaInSala) VALUES (850, 5, 'Opera 850', 1978, 1799, 'Quadro', 9);
INSERT INTO Opera (codice, autore, titolo, annoAcquisto, annoRealizzazione, tipo, espostaInSala) VALUES (851, 51, 'Opera 851', 2003, 1982, 'Quadro', 13);
INSERT INTO Opera (codice, autore, titolo, annoAcquisto, annoRealizzazione, tipo, espostaInSala) VALUES (852, 28, 'Opera 852', 2011, 1911, 'Quadro', 20);
INSERT INTO Opera (codice, autore, titolo, annoAcquisto, annoRealizzazione, tipo, espostaInSala) VALUES (853, 9, 'Opera 853', 1932, 1875, 'Quadro', 2);
INSERT INTO Opera (codice, autore, titolo, annoAcquisto, annoRealizzazione, tipo, espostaInSala) VALUES (854, 8, 'Opera 854', 1903, 1772, 'Quadro', 1);
INSERT INTO Opera (codice, autore, titolo, annoAcquisto, annoRealizzazione, tipo, espostaInSala) VALUES (855, 6, 'Opera 855', 1948, 1794, 'Scultura', NULL);
INSERT INTO Opera (codice, autore, titolo, annoAcquisto, annoRealizzazione, tipo, espostaInSala) VALUES (856, 80, 'Opera 856', 1997, 1804, 'Scultura', 18);
INSERT INTO Opera (codice, autore, titolo, annoAcquisto, annoRealizzazione, tipo, espostaInSala) VALUES (857, 67, 'Opera 857', 2024, 1956, 'Scultura', 8);
INSERT INTO Opera (codice, autore, titolo, annoAcquisto, annoRealizzazione, tipo, espostaInSala) VALUES (858, 64, 'Opera 858', 1952, 1849, 'Scultura', 19);
INSERT INTO Opera (codice, autore, titolo, annoAcquisto, annoRealizzazione, tipo, espostaInSala) VALUES (859, 19, 'Opera 859', 1908, 1895, 'Quadro', 8);
INSERT INTO Opera (codice, autore, titolo, annoAcquisto, annoRealizzazione, tipo, espostaInSala) VALUES (860, 57, 'Opera 860', 1893, 1829, 'Quadro', 15);
INSERT INTO Opera (codice, autore, titolo, annoAcquisto, annoRealizzazione, tipo, espostaInSala) VALUES (861, 65, 'Opera 861', 1914, 1807, 'Scultura', 20);
INSERT INTO Opera (codice, autore, titolo, annoAcquisto, annoRealizzazione, tipo, espostaInSala) VALUES (862, 59, 'Opera 862', 1882, 1882, 'Scultura', 12);
INSERT INTO Opera (codice, autore, titolo, annoAcquisto, annoRealizzazione, tipo, espostaInSala) VALUES (863, 71, 'Opera 863', 1859, 1826, 'Scultura', NULL);
INSERT INTO Opera (codice, autore, titolo, annoAcquisto, annoRealizzazione, tipo, espostaInSala) VALUES (864, 78, 'Opera 864', 2017, 2007, 'Scultura', 19);
INSERT INTO Opera (codice, autore, titolo, annoAcquisto, annoRealizzazione, tipo, espostaInSala) VALUES (865, 3, 'Opera 865', 1913, 1763, 'Scultura', 17);
INSERT INTO Opera (codice, autore, titolo, annoAcquisto, annoRealizzazione, tipo, espostaInSala) VALUES (866, 31, 'Opera 866', 2024, 1844, 'Scultura', 6);
INSERT INTO Opera (codice, autore, titolo, annoAcquisto, annoRealizzazione, tipo, espostaInSala) VALUES (867, 41, 'Opera 867', 1921, 1826, 'Scultura', 18);
INSERT INTO Opera (codice, autore, titolo, annoAcquisto, annoRealizzazione, tipo, espostaInSala) VALUES (868, 39, 'Opera 868', 1840, 1700, 'Scultura', 2);
INSERT INTO Opera (codice, autore, titolo, annoAcquisto, annoRealizzazione, tipo, espostaInSala) VALUES (869, 71, 'Opera 869', 1802, 1735, 'Quadro', 13);
INSERT INTO Opera (codice, autore, titolo, annoAcquisto, annoRealizzazione, tipo, espostaInSala) VALUES (870, 49, 'Opera 870', 1993, 1979, 'Quadro', NULL);
INSERT INTO Opera (codice, autore, titolo, annoAcquisto, annoRealizzazione, tipo, espostaInSala) VALUES (871, 62, 'Opera 871', 2012, 2012, 'Scultura', 17);
INSERT INTO Opera (codice, autore, titolo, annoAcquisto, annoRealizzazione, tipo, espostaInSala) VALUES (872, 10, 'Opera 872', 2001, 1898, 'Scultura', NULL);
INSERT INTO Opera (codice, autore, titolo, annoAcquisto, annoRealizzazione, tipo, espostaInSala) VALUES (873, 69, 'Opera 873', 1979, 1797, 'Scultura', 14);
INSERT INTO Opera (codice, autore, titolo, annoAcquisto, annoRealizzazione, tipo, espostaInSala) VALUES (874, 63, 'Opera 874', 1941, 1763, 'Quadro', 7);
INSERT INTO Opera (codice, autore, titolo, annoAcquisto, annoRealizzazione, tipo, espostaInSala) VALUES (875, 37, 'Opera 875', 2023, 1764, 'Quadro', 7);
INSERT INTO Opera (codice, autore, titolo, annoAcquisto, annoRealizzazione, tipo, espostaInSala) VALUES (876, 42, 'Opera 876', 1792, 1781, 'Quadro', 15);
INSERT INTO Opera (codice, autore, titolo, annoAcquisto, annoRealizzazione, tipo, espostaInSala) VALUES (877, 10, 'Opera 877', 1967, 1868, 'Scultura', 14);
INSERT INTO Opera (codice, autore, titolo, annoAcquisto, annoRealizzazione, tipo, espostaInSala) VALUES (878, 36, 'Opera 878', 1928, 1818, 'Scultura', NULL);
INSERT INTO Opera (codice, autore, titolo, annoAcquisto, annoRealizzazione, tipo, espostaInSala) VALUES (879, 78, 'Opera 879', 2021, 2021, 'Quadro', 3);
INSERT INTO Opera (codice, autore, titolo, annoAcquisto, annoRealizzazione, tipo, espostaInSala) VALUES (880, 22, 'Opera 880', 1743, 1735, 'Quadro', 19);
INSERT INTO Opera (codice, autore, titolo, annoAcquisto, annoRealizzazione, tipo, espostaInSala) VALUES (881, 68, 'Opera 881', 1918, 1914, 'Scultura', 11);
INSERT INTO Opera (codice, autore, titolo, annoAcquisto, annoRealizzazione, tipo, espostaInSala) VALUES (882, 1, 'Opera 882', 1974, 1785, 'Scultura', 18);
INSERT INTO Opera (codice, autore, titolo, annoAcquisto, annoRealizzazione, tipo, espostaInSala) VALUES (883, 7, 'Opera 883', 1732, 1732, 'Quadro', 20);
INSERT INTO Opera (codice, autore, titolo, annoAcquisto, annoRealizzazione, tipo, espostaInSala) VALUES (884, 15, 'Opera 884', 1889, 1826, 'Quadro', 6);
INSERT INTO Opera (codice, autore, titolo, annoAcquisto, annoRealizzazione, tipo, espostaInSala) VALUES (885, 67, 'Opera 885', 1990, 1783, 'Quadro', 17);
INSERT INTO Opera (codice, autore, titolo, annoAcquisto, annoRealizzazione, tipo, espostaInSala) VALUES (886, 73, 'Opera 886', 2023, 2010, 'Scultura', 8);
INSERT INTO Opera (codice, autore, titolo, annoAcquisto, annoRealizzazione, tipo, espostaInSala) VALUES (887, 1, 'Opera 887', 1830, 1774, 'Scultura', 16);
INSERT INTO Opera (codice, autore, titolo, annoAcquisto, annoRealizzazione, tipo, espostaInSala) VALUES (888, 10, 'Opera 888', 1952, 1941, 'Scultura', 5);
INSERT INTO Opera (codice, autore, titolo, annoAcquisto, annoRealizzazione, tipo, espostaInSala) VALUES (889, 6, 'Opera 889', 1940, 1788, 'Scultura', 11);
INSERT INTO Opera (codice, autore, titolo, annoAcquisto, annoRealizzazione, tipo, espostaInSala) VALUES (890, 14, 'Opera 890', 1860, 1776, 'Scultura', 4);
INSERT INTO Opera (codice, autore, titolo, annoAcquisto, annoRealizzazione, tipo, espostaInSala) VALUES (891, 76, 'Opera 891', 1981, 1895, 'Scultura', 13);
INSERT INTO Opera (codice, autore, titolo, annoAcquisto, annoRealizzazione, tipo, espostaInSala) VALUES (892, 58, 'Opera 892', 1973, 1703, 'Quadro', 16);
INSERT INTO Opera (codice, autore, titolo, annoAcquisto, annoRealizzazione, tipo, espostaInSala) VALUES (893, 32, 'Opera 893', 1979, 1918, 'Quadro', 5);
INSERT INTO Opera (codice, autore, titolo, annoAcquisto, annoRealizzazione, tipo, espostaInSala) VALUES (894, 2, 'Opera 894', 1937, 1913, 'Quadro', 8);
INSERT INTO Opera (codice, autore, titolo, annoAcquisto, annoRealizzazione, tipo, espostaInSala) VALUES (895, 36, 'Opera 895', 1940, 1800, 'Quadro', 15);
INSERT INTO Opera (codice, autore, titolo, annoAcquisto, annoRealizzazione, tipo, espostaInSala) VALUES (896, 4, 'Opera 896', 2021, 1722, 'Scultura', 20);
INSERT INTO Opera (codice, autore, titolo, annoAcquisto, annoRealizzazione, tipo, espostaInSala) VALUES (897, 18, 'Opera 897', 1856, 1790, 'Quadro', 11);
INSERT INTO Opera (codice, autore, titolo, annoAcquisto, annoRealizzazione, tipo, espostaInSala) VALUES (898, 33, 'Opera 898', 1997, 1907, 'Quadro', 14);
INSERT INTO Opera (codice, autore, titolo, annoAcquisto, annoRealizzazione, tipo, espostaInSala) VALUES (899, 80, 'Opera 899', 1940, 1895, 'Scultura', 6);
INSERT INTO Opera (codice, autore, titolo, annoAcquisto, annoRealizzazione, tipo, espostaInSala) VALUES (900, 61, 'Opera 900', 2021, 1924, 'Scultura', NULL);
INSERT INTO Opera (codice, autore, titolo, annoAcquisto, annoRealizzazione, tipo, espostaInSala) VALUES (901, 45, 'Opera 901', 1914, 1832, 'Quadro', 20);
INSERT INTO Opera (codice, autore, titolo, annoAcquisto, annoRealizzazione, tipo, espostaInSala) VALUES (902, 19, 'Opera 902', 1999, 1916, 'Quadro', 15);
INSERT INTO Opera (codice, autore, titolo, annoAcquisto, annoRealizzazione, tipo, espostaInSala) VALUES (903, 35, 'Opera 903', 1899, 1770, 'Quadro', 1);
INSERT INTO Opera (codice, autore, titolo, annoAcquisto, annoRealizzazione, tipo, espostaInSala) VALUES (904, 60, 'Opera 904', 1898, 1883, 'Quadro', 9);
INSERT INTO Opera (codice, autore, titolo, annoAcquisto, annoRealizzazione, tipo, espostaInSala) VALUES (905, 76, 'Opera 905', 1955, 1907, 'Scultura', 10);
INSERT INTO Opera (codice, autore, titolo, annoAcquisto, annoRealizzazione, tipo, espostaInSala) VALUES (906, 6, 'Opera 906', 1927, 1772, 'Scultura', 1);
INSERT INTO Opera (codice, autore, titolo, annoAcquisto, annoRealizzazione, tipo, espostaInSala) VALUES (907, 67, 'Opera 907', 1996, 1971, 'Quadro', 5);
INSERT INTO Opera (codice, autore, titolo, annoAcquisto, annoRealizzazione, tipo, espostaInSala) VALUES (908, 7, 'Opera 908', 2024, 1864, 'Scultura', 8);
INSERT INTO Opera (codice, autore, titolo, annoAcquisto, annoRealizzazione, tipo, espostaInSala) VALUES (909, 38, 'Opera 909', 1968, 1829, 'Quadro', 17);
INSERT INTO Opera (codice, autore, titolo, annoAcquisto, annoRealizzazione, tipo, espostaInSala) VALUES (910, 74, 'Opera 910', 2014, 1933, 'Quadro', 2);
INSERT INTO Opera (codice, autore, titolo, annoAcquisto, annoRealizzazione, tipo, espostaInSala) VALUES (911, 69, 'Opera 911', 1952, 1767, 'Scultura', 10);
INSERT INTO Opera (codice, autore, titolo, annoAcquisto, annoRealizzazione, tipo, espostaInSala) VALUES (912, 44, 'Opera 912', 1964, 1722, 'Scultura', 14);
INSERT INTO Opera (codice, autore, titolo, annoAcquisto, annoRealizzazione, tipo, espostaInSala) VALUES (913, 67, 'Opera 913', 1969, 1955, 'Scultura', NULL);
INSERT INTO Opera (codice, autore, titolo, annoAcquisto, annoRealizzazione, tipo, espostaInSala) VALUES (914, 61, 'Opera 914', 2023, 1991, 'Quadro', 7);
INSERT INTO Opera (codice, autore, titolo, annoAcquisto, annoRealizzazione, tipo, espostaInSala) VALUES (915, 66, 'Opera 915', 1863, 1718, 'Quadro', 2);
INSERT INTO Opera (codice, autore, titolo, annoAcquisto, annoRealizzazione, tipo, espostaInSala) VALUES (916, 71, 'Opera 916', 2013, 1898, 'Scultura', 4);
INSERT INTO Opera (codice, autore, titolo, annoAcquisto, annoRealizzazione, tipo, espostaInSala) VALUES (917, 22, 'Opera 917', 1956, 1764, 'Scultura', 7);
INSERT INTO Opera (codice, autore, titolo, annoAcquisto, annoRealizzazione, tipo, espostaInSala) VALUES (918, 49, 'Opera 918', 1738, 1727, 'Scultura', 9);
INSERT INTO Opera (codice, autore, titolo, annoAcquisto, annoRealizzazione, tipo, espostaInSala) VALUES (919, 67, 'Opera 919', 1934, 1808, 'Scultura', 17);
INSERT INTO Opera (codice, autore, titolo, annoAcquisto, annoRealizzazione, tipo, espostaInSala) VALUES (920, 62, 'Opera 920', 2006, 1987, 'Quadro', 12);
INSERT INTO Opera (codice, autore, titolo, annoAcquisto, annoRealizzazione, tipo, espostaInSala) VALUES (921, 30, 'Opera 921', 1981, 1771, 'Quadro', 1);
INSERT INTO Opera (codice, autore, titolo, annoAcquisto, annoRealizzazione, tipo, espostaInSala) VALUES (922, 19, 'Opera 922', 1993, 1988, 'Quadro', 1);
INSERT INTO Opera (codice, autore, titolo, annoAcquisto, annoRealizzazione, tipo, espostaInSala) VALUES (923, 19, 'Opera 923', 2006, 1931, 'Quadro', 16);
INSERT INTO Opera (codice, autore, titolo, annoAcquisto, annoRealizzazione, tipo, espostaInSala) VALUES (924, 17, 'Opera 924', 1983, 1980, 'Quadro', 19);
INSERT INTO Opera (codice, autore, titolo, annoAcquisto, annoRealizzazione, tipo, espostaInSala) VALUES (925, 73, 'Opera 925', 1741, 1730, 'Scultura', 19);
INSERT INTO Opera (codice, autore, titolo, annoAcquisto, annoRealizzazione, tipo, espostaInSala) VALUES (926, 63, 'Opera 926', 1967, 1960, 'Scultura', 14);
INSERT INTO Opera (codice, autore, titolo, annoAcquisto, annoRealizzazione, tipo, espostaInSala) VALUES (927, 50, 'Opera 927', 1866, 1719, 'Scultura', 12);
INSERT INTO Opera (codice, autore, titolo, annoAcquisto, annoRealizzazione, tipo, espostaInSala) VALUES (928, 54, 'Opera 928', 2011, 2007, 'Quadro', 13);
INSERT INTO Opera (codice, autore, titolo, annoAcquisto, annoRealizzazione, tipo, espostaInSala) VALUES (929, 27, 'Opera 929', 2021, 1843, 'Quadro', 3);
INSERT INTO Opera (codice, autore, titolo, annoAcquisto, annoRealizzazione, tipo, espostaInSala) VALUES (930, 56, 'Opera 930', 1908, 1873, 'Scultura', 15);
INSERT INTO Opera (codice, autore, titolo, annoAcquisto, annoRealizzazione, tipo, espostaInSala) VALUES (931, 42, 'Opera 931', 1966, 1930, 'Scultura', 8);
INSERT INTO Opera (codice, autore, titolo, annoAcquisto, annoRealizzazione, tipo, espostaInSala) VALUES (932, 18, 'Opera 932', 1816, 1706, 'Scultura', 15);
INSERT INTO Opera (codice, autore, titolo, annoAcquisto, annoRealizzazione, tipo, espostaInSala) VALUES (933, 11, 'Opera 933', 1902, 1727, 'Quadro', 18);
INSERT INTO Opera (codice, autore, titolo, annoAcquisto, annoRealizzazione, tipo, espostaInSala) VALUES (934, 54, 'Opera 934', 1889, 1730, 'Quadro', 4);
INSERT INTO Opera (codice, autore, titolo, annoAcquisto, annoRealizzazione, tipo, espostaInSala) VALUES (935, 35, 'Opera 935', 1853, 1724, 'Quadro', 18);
INSERT INTO Opera (codice, autore, titolo, annoAcquisto, annoRealizzazione, tipo, espostaInSala) VALUES (936, 6, 'Opera 936', 1850, 1751, 'Scultura', 10);
INSERT INTO Opera (codice, autore, titolo, annoAcquisto, annoRealizzazione, tipo, espostaInSala) VALUES (937, 57, 'Opera 937', 1802, 1801, 'Quadro', NULL);
INSERT INTO Opera (codice, autore, titolo, annoAcquisto, annoRealizzazione, tipo, espostaInSala) VALUES (938, 22, 'Opera 938', 2009, 1949, 'Scultura', 1);
INSERT INTO Opera (codice, autore, titolo, annoAcquisto, annoRealizzazione, tipo, espostaInSala) VALUES (939, 16, 'Opera 939', 2015, 1976, 'Quadro', 20);
INSERT INTO Opera (codice, autore, titolo, annoAcquisto, annoRealizzazione, tipo, espostaInSala) VALUES (940, 78, 'Opera 940', 2018, 2010, 'Quadro', 11);
INSERT INTO Opera (codice, autore, titolo, annoAcquisto, annoRealizzazione, tipo, espostaInSala) VALUES (941, 75, 'Opera 941', 1893, 1883, 'Scultura', NULL);
INSERT INTO Opera (codice, autore, titolo, annoAcquisto, annoRealizzazione, tipo, espostaInSala) VALUES (942, 44, 'Opera 942', 1992, 1874, 'Scultura', 1);
INSERT INTO Opera (codice, autore, titolo, annoAcquisto, annoRealizzazione, tipo, espostaInSala) VALUES (943, 32, 'Opera 943', 1958, 1820, 'Scultura', 13);
INSERT INTO Opera (codice, autore, titolo, annoAcquisto, annoRealizzazione, tipo, espostaInSala) VALUES (944, 34, 'Opera 944', 1989, 1761, 'Scultura', 10);
INSERT INTO Opera (codice, autore, titolo, annoAcquisto, annoRealizzazione, tipo, espostaInSala) VALUES (945, 31, 'Opera 945', 1995, 1742, 'Scultura', 13);
INSERT INTO Opera (codice, autore, titolo, annoAcquisto, annoRealizzazione, tipo, espostaInSala) VALUES (946, 31, 'Opera 946', 1983, 1942, 'Scultura', NULL);
INSERT INTO Opera (codice, autore, titolo, annoAcquisto, annoRealizzazione, tipo, espostaInSala) VALUES (947, 31, 'Opera 947', 2024, 2012, 'Quadro', 6);
INSERT INTO Opera (codice, autore, titolo, annoAcquisto, annoRealizzazione, tipo, espostaInSala) VALUES (948, 21, 'Opera 948', 1921, 1758, 'Scultura', 4);
INSERT INTO Opera (codice, autore, titolo, annoAcquisto, annoRealizzazione, tipo, espostaInSala) VALUES (949, 64, 'Opera 949', 2024, 2014, 'Scultura', 16);
INSERT INTO Opera (codice, autore, titolo, annoAcquisto, annoRealizzazione, tipo, espostaInSala) VALUES (950, 53, 'Opera 950', 1965, 1929, 'Quadro', 15);
INSERT INTO Opera (codice, autore, titolo, annoAcquisto, annoRealizzazione, tipo, espostaInSala) VALUES (951, 59, 'Opera 951', 1923, 1912, 'Scultura', 5);
INSERT INTO Opera (codice, autore, titolo, annoAcquisto, annoRealizzazione, tipo, espostaInSala) VALUES (952, 55, 'Opera 952', 1982, 1948, 'Quadro', 11);
INSERT INTO Opera (codice, autore, titolo, annoAcquisto, annoRealizzazione, tipo, espostaInSala) VALUES (953, 3, 'Opera 953', 1999, 1982, 'Scultura', 17);
INSERT INTO Opera (codice, autore, titolo, annoAcquisto, annoRealizzazione, tipo, espostaInSala) VALUES (954, 7, 'Opera 954', 1787, 1782, 'Scultura', 19);
INSERT INTO Opera (codice, autore, titolo, annoAcquisto, annoRealizzazione, tipo, espostaInSala) VALUES (955, 11, 'Opera 955', 1838, 1821, 'Quadro', 3);
INSERT INTO Opera (codice, autore, titolo, annoAcquisto, annoRealizzazione, tipo, espostaInSala) VALUES (956, 34, 'Opera 956', 2019, 1996, 'Scultura', 10);
INSERT INTO Opera (codice, autore, titolo, annoAcquisto, annoRealizzazione, tipo, espostaInSala) VALUES (957, 46, 'Opera 957', 1990, 1779, 'Quadro', 6);
INSERT INTO Opera (codice, autore, titolo, annoAcquisto, annoRealizzazione, tipo, espostaInSala) VALUES (958, 15, 'Opera 958', 1944, 1891, 'Scultura', 16);
INSERT INTO Opera (codice, autore, titolo, annoAcquisto, annoRealizzazione, tipo, espostaInSala) VALUES (959, 4, 'Opera 959', 2015, 1999, 'Scultura', 7);
INSERT INTO Opera (codice, autore, titolo, annoAcquisto, annoRealizzazione, tipo, espostaInSala) VALUES (960, 78, 'Opera 960', 2015, 2008, 'Scultura', 18);
INSERT INTO Opera (codice, autore, titolo, annoAcquisto, annoRealizzazione, tipo, espostaInSala) VALUES (961, 21, 'Opera 961', 1864, 1802, 'Quadro', 6);
INSERT INTO Opera (codice, autore, titolo, annoAcquisto, annoRealizzazione, tipo, espostaInSala) VALUES (962, 28, 'Opera 962', 1988, 1784, 'Quadro', 10);
INSERT INTO Opera (codice, autore, titolo, annoAcquisto, annoRealizzazione, tipo, espostaInSala) VALUES (963, 45, 'Opera 963', 1990, 1936, 'Scultura', 4);
INSERT INTO Opera (codice, autore, titolo, annoAcquisto, annoRealizzazione, tipo, espostaInSala) VALUES (964, 50, 'Opera 964', 1865, 1722, 'Quadro', 4);
INSERT INTO Opera (codice, autore, titolo, annoAcquisto, annoRealizzazione, tipo, espostaInSala) VALUES (965, 36, 'Opera 965', 1888, 1865, 'Quadro', 9);
INSERT INTO Opera (codice, autore, titolo, annoAcquisto, annoRealizzazione, tipo, espostaInSala) VALUES (966, 76, 'Opera 966', 2000, 1921, 'Quadro', NULL);
INSERT INTO Opera (codice, autore, titolo, annoAcquisto, annoRealizzazione, tipo, espostaInSala) VALUES (967, 10, 'Opera 967', 1771, 1721, 'Scultura', NULL);
INSERT INTO Opera (codice, autore, titolo, annoAcquisto, annoRealizzazione, tipo, espostaInSala) VALUES (968, 69, 'Opera 968', 1938, 1779, 'Scultura', 18);
INSERT INTO Opera (codice, autore, titolo, annoAcquisto, annoRealizzazione, tipo, espostaInSala) VALUES (969, 52, 'Opera 969', 1986, 1727, 'Scultura', 4);
INSERT INTO Opera (codice, autore, titolo, annoAcquisto, annoRealizzazione, tipo, espostaInSala) VALUES (970, 57, 'Opera 970', 1996, 1720, 'Quadro', 10);
INSERT INTO Opera (codice, autore, titolo, annoAcquisto, annoRealizzazione, tipo, espostaInSala) VALUES (971, 53, 'Opera 971', 2008, 1997, 'Scultura', 18);
INSERT INTO Opera (codice, autore, titolo, annoAcquisto, annoRealizzazione, tipo, espostaInSala) VALUES (972, 25, 'Opera 972', 1921, 1820, 'Scultura', 16);
INSERT INTO Opera (codice, autore, titolo, annoAcquisto, annoRealizzazione, tipo, espostaInSala) VALUES (973, 5, 'Opera 973', 1954, 1850, 'Quadro', NULL);
INSERT INTO Opera (codice, autore, titolo, annoAcquisto, annoRealizzazione, tipo, espostaInSala) VALUES (974, 1, 'Opera 974', 1862, 1841, 'Quadro', 4);
INSERT INTO Opera (codice, autore, titolo, annoAcquisto, annoRealizzazione, tipo, espostaInSala) VALUES (975, 61, 'Opera 975', 1975, 1927, 'Scultura', 11);
INSERT INTO Opera (codice, autore, titolo, annoAcquisto, annoRealizzazione, tipo, espostaInSala) VALUES (976, 43, 'Opera 976', 1761, 1753, 'Scultura', 13);
INSERT INTO Opera (codice, autore, titolo, annoAcquisto, annoRealizzazione, tipo, espostaInSala) VALUES (977, 14, 'Opera 977', 1891, 1740, 'Quadro', 10);
INSERT INTO Opera (codice, autore, titolo, annoAcquisto, annoRealizzazione, tipo, espostaInSala) VALUES (978, 51, 'Opera 978', 1976, 1707, 'Quadro', 8);
INSERT INTO Opera (codice, autore, titolo, annoAcquisto, annoRealizzazione, tipo, espostaInSala) VALUES (979, 80, 'Opera 979', 1856, 1728, 'Quadro', 15);
INSERT INTO Opera (codice, autore, titolo, annoAcquisto, annoRealizzazione, tipo, espostaInSala) VALUES (980, 75, 'Opera 980', 1908, 1852, 'Scultura', 1);
INSERT INTO Opera (codice, autore, titolo, annoAcquisto, annoRealizzazione, tipo, espostaInSala) VALUES (981, 24, 'Opera 981', 1940, 1885, 'Quadro', 17);
INSERT INTO Opera (codice, autore, titolo, annoAcquisto, annoRealizzazione, tipo, espostaInSala) VALUES (982, 72, 'Opera 982', 1753, 1718, 'Quadro', NULL);
INSERT INTO Opera (codice, autore, titolo, annoAcquisto, annoRealizzazione, tipo, espostaInSala) VALUES (983, 68, 'Opera 983', 1898, 1753, 'Quadro', 19);
INSERT INTO Opera (codice, autore, titolo, annoAcquisto, annoRealizzazione, tipo, espostaInSala) VALUES (984, 40, 'Opera 984', 2000, 1804, 'Scultura', 8);
INSERT INTO Opera (codice, autore, titolo, annoAcquisto, annoRealizzazione, tipo, espostaInSala) VALUES (985, 66, 'Opera 985', 1805, 1729, 'Quadro', 14);
INSERT INTO Opera (codice, autore, titolo, annoAcquisto, annoRealizzazione, tipo, espostaInSala) VALUES (986, 17, 'Opera 986', 1971, 1888, 'Scultura', 1);
INSERT INTO Opera (codice, autore, titolo, annoAcquisto, annoRealizzazione, tipo, espostaInSala) VALUES (987, 80, 'Opera 987', 2009, 2005, 'Scultura', 4);
INSERT INTO Opera (codice, autore, titolo, annoAcquisto, annoRealizzazione, tipo, espostaInSala) VALUES (988, 4, 'Opera 988', 2007, 1999, 'Quadro', 4);
INSERT INTO Opera (codice, autore, titolo, annoAcquisto, annoRealizzazione, tipo, espostaInSala) VALUES (989, 20, 'Opera 989', 1984, 1925, 'Quadro', 1);
INSERT INTO Opera (codice, autore, titolo, annoAcquisto, annoRealizzazione, tipo, espostaInSala) VALUES (990, 73, 'Opera 990', 2018, 1984, 'Scultura', 17);
INSERT INTO Opera (codice, autore, titolo, annoAcquisto, annoRealizzazione, tipo, espostaInSala) VALUES (991, 78, 'Opera 991', 1720, 1705, 'Scultura', 4);
INSERT INTO Opera (codice, autore, titolo, annoAcquisto, annoRealizzazione, tipo, espostaInSala) VALUES (992, 12, 'Opera 992', 2022, 1975, 'Quadro', 10);
INSERT INTO Opera (codice, autore, titolo, annoAcquisto, annoRealizzazione, tipo, espostaInSala) VALUES (993, 40, 'Opera 993', 1911, 1834, 'Scultura', 6);
INSERT INTO Opera (codice, autore, titolo, annoAcquisto, annoRealizzazione, tipo, espostaInSala) VALUES (994, 70, 'Opera 994', 1977, 1707, 'Quadro', 20);
INSERT INTO Opera (codice, autore, titolo, annoAcquisto, annoRealizzazione, tipo, espostaInSala) VALUES (995, 61, 'Opera 995', 1968, 1912, 'Quadro', 20);
INSERT INTO Opera (codice, autore, titolo, annoAcquisto, annoRealizzazione, tipo, espostaInSala) VALUES (996, 20, 'Opera 996', 1979, 1879, 'Quadro', 4);
INSERT INTO Opera (codice, autore, titolo, annoAcquisto, annoRealizzazione, tipo, espostaInSala) VALUES (997, 43, 'Opera 997', 1865, 1849, 'Scultura', 7);
INSERT INTO Opera (codice, autore, titolo, annoAcquisto, annoRealizzazione, tipo, espostaInSala) VALUES (998, 64, 'Opera 998', 2009, 1744, 'Quadro', 20);
INSERT INTO Opera (codice, autore, titolo, annoAcquisto, annoRealizzazione, tipo, espostaInSala) VALUES (999, 7, 'Opera 999', 1955, 1869, 'Scultura', NULL);
INSERT INTO Opera (codice, autore, titolo, annoAcquisto, annoRealizzazione, tipo, espostaInSala) VALUES (1000, 73, 'Opera 1000', 2014, 2013, 'Quadro', 18);